person_id,email_address,first_name,last_name,phone_number,last_login,registered_date,user_name,user_password
1,lmurt0@blogger.com,Laurent,Murt,6029490251,08/02/2020,07/08/2020,lmurt0,lZywMm84pg
2,scockerell1@unblog.fr,Sheeree,Cockerell,6098663281,11/11/2020,12/31/2020,scockerell1,RoXUGb
3,szanetto2@nytimes.com,Shena,Zanetto,8499295143,05/03/2021,04/27/2021,szanetto2,eMWFaAP
4,ssealand3@cpanel.net,Steward,Sealand,9726184497,05/25/2020,11/27/2020,ssealand3,jvYhl0zU
5,msantostefano4@unblog.fr,Michele,Santostefano.,7328899236,11/20/2020,06/07/2020,msantostefano4,Pqg58q6HncII
6,dmacdermid5@so-net.ne.jp,Damara,MacDermid,7935179503,12/07/2020,04/05/2021,dmacdermid5,8J01l1R
7,omerman6@nydailynews.com,Opalina,Merman,9034838114,01/12/2021,04/24/2021,omerman6,Yh4BIsB5vz
8,dhandrok7@google.nl,Dal,Handrok,4694752390,08/05/2020,02/16/2021,dhandrok7,ZEnxUiYY2C9P
9,rbraithwaite8@123-reg.co.uk,Raul,Braithwaite,1386578723,07/14/2020,03/10/2021,rbraithwaite8,4VBoqJktE
10,nthorns9@hugedomains.com,Nealy,Thorns,6405210124,03/30/2021,03/13/2021,nthorns9,HcRcu55
11,eantonya@goo.gl,Em,Antony,5069170822,10/31/2020,06/27/2020,eantonya,RRaqAdEL4Gf
12,efisbeyb@scribd.com,Ellis,Fisbey,3272622357,11/21/2020,10/02/2020,efisbeyb,RWYQ7kHCdRMR
13,ewallheadc@blogger.com,Eduino,Wallhead,4977002360,10/15/2020,01/09/2021,ewallheadc,OK884Nv
14,mvined@yahoo.co.jp,Mattie,Vine,7112261363,04/08/2021,12/25/2020,mvined,RArj8tP
15,pmarcame@google.ru,Patrick,Marcam,4066512635,11/02/2020,08/10/2020,pmarcame,0Z3IYmQsrm
16,jpotterilf@hexun.com,Jacklyn,Potteril,5265491647,08/04/2020,05/02/2021,jpotterilf,vQvwIkwDBE6
17,lurwing@paypal.com,Lauryn,Urwin,7766234581,08/08/2020,06/01/2020,lurwing,QhTHGjm
18,jschettinih@cloudflare.com,Joshua,Schettini,7197876549,01/28/2021,08/24/2020,jschettinih,Nzi27A
19,dgreenoughi@toplist.cz,Donielle,Greenough,1047236746,03/06/2021,05/14/2021,dgreenoughi,2xGTpKJ
20,gblaasej@netlog.com,Giordano,Blaase,8392386960,11/16/2020,08/16/2020,gblaasej,9LXqbAS
21,rlimeburnerk@wsj.com,Roxane,Limeburner,4269127220,05/21/2020,12/25/2020,rlimeburnerk,0i8Rx9mjy2QO
22,cpowerl@epa.gov,Cathie,Power,3845341095,03/20/2021,05/05/2021,cpowerl,rkcXiWZTe
23,adefreynem@desdev.cn,Alick,De Freyne,3355062935,10/22/2020,10/29/2020,adefreynem,Bh3IW3
24,aheinsiusn@qq.com,Aldridge,Heinsius,7597041461,06/30/2020,04/22/2021,aheinsiusn,fUz7b7qPWW
25,bivimyo@vinaora.com,Bryn,Ivimy,3153250654,08/16/2020,12/14/2020,bivimyo,3kqEqcIk
26,agartlandp@constantcontact.com,Agnesse,Gartland,6402016020,05/31/2020,09/05/2020,agartlandp,OuO2PyhZd1JP
27,edelcastelq@marriott.com,Elmo,Delcastel,5188124459,10/23/2020,07/24/2020,edelcastelq,Qa7PQft4
28,dbailesr@about.me,Dav,Bailes,2713189218,11/13/2020,09/09/2020,dbailesr,eHxoCF
29,crayers@mtv.com,Claudette,Rayer,2386156869,03/25/2021,01/07/2021,crayers,Jfpug4dSECqd
30,bheadyt@bbc.co.uk,Bee,Heady,1972115798,02/08/2021,06/03/2020,bheadyt,xnEehMq3
31,ccovetu@google.com.hk,Craig,Covet,7054122168,05/03/2021,06/22/2020,ccovetu,gCbRRBAp4Y
32,ameinekingv@list-manage.com,Adan,Meineking,9349348821,11/14/2020,01/31/2021,ameinekingv,XS5GKm1BvX
33,eloftinw@china.com.cn,Edmon,Loftin,2021473798,12/10/2020,11/13/2020,eloftinw,fbJGt52s
34,shugninx@themeforest.net,Sydelle,Hugnin,6044378394,03/31/2021,05/28/2020,shugninx,glDxOw
35,lwellstoody@shinystat.com,Lorilyn,Wellstood,7213132737,11/12/2020,12/30/2020,lwellstoody,FnoYCKob0SO
36,cwhitelyz@t-online.de,Caye,Whitely,7559007012,05/15/2021,11/16/2020,cwhitelyz,rHxKCQlf
37,kguyonneau10@facebook.com,Katha,Guyonneau,5668004424,01/04/2021,03/18/2021,kguyonneau10,OAJ3RCQ8RQ4i
38,tgetcliffe11@usgs.gov,Tedda,Getcliffe,8087741737,12/02/2020,05/01/2021,tgetcliffe11,4K5bS67niQ
39,dhub12@uol.com.br,Dasie,Hub,6974871918,01/23/2021,07/25/2020,dhub12,wdi2qSPjt
40,pcancellieri13@e-recht24.de,Patty,Cancellieri,9295998048,12/26/2020,06/13/2020,pcancellieri13,lcF0zxFga
41,otommasuzzi14@newyorker.com,Orson,Tommasuzzi,9715238068,04/17/2021,05/28/2020,otommasuzzi14,zSyT1l
42,nvaudre15@deliciousdays.com,Nick,Vaudre,2395022567,10/10/2020,09/05/2020,nvaudre15,vZ17IanygMk
43,aroon16@goo.gl,Aime,Roon,6541369067,02/09/2021,05/25/2020,aroon16,2YqCP5S
44,epoytheras17@yellowpages.com,Emlyn,Poytheras,2886797628,10/31/2020,12/24/2020,epoytheras17,S24qIt
45,fminguet18@lycos.com,Frasco,Minguet,2873169937,04/02/2021,04/04/2021,fminguet18,3S2BAVL
46,rjohantges19@virginia.edu,Ram,Johantges,5919007537,10/25/2020,01/30/2021,rjohantges19,7hsa5p88KOp
47,lfeldhammer1a@reverbnation.com,Lanna,Feldhammer,1653469501,03/21/2021,02/24/2021,lfeldhammer1a,NWdtTXyeyMe
48,plannon1b@si.edu,Polly,Lannon,1986230562,05/03/2021,05/10/2021,plannon1b,YjRWofsDvNmT
49,cbushe1c@cocolog-nifty.com,Celestia,Bushe,9567181056,01/10/2021,02/27/2021,cbushe1c,aG77f7PhY
50,kduffitt1d@apache.org,Karlie,Duffitt,8156708094,04/16/2021,11/30/2020,kduffitt1d,q5enDBmCtQTD
51,slantuff1e@com.com,Stanfield,Lantuff,6317715750,08/23/2020,03/09/2021,slantuff1e,9hEI03oLt
52,bvanarsdall1f@dell.com,Briny,Van Arsdall,9727790495,04/23/2021,02/26/2021,bvanarsdall1f,eNyRf0Ffc1TI
53,klamerton1g@miitbeian.gov.cn,Kellsie,Lamerton,2617852736,02/14/2021,10/22/2020,klamerton1g,R1u4PfCtqFu
54,ecaird1h@webmd.com,Ellyn,Caird,9294563400,08/04/2020,04/12/2021,ecaird1h,5d1k2TdPak
55,mlukianov1i@disqus.com,Malorie,Lukianov,3024042604,09/20/2020,12/02/2020,mlukianov1i,fKxqUDOJ7vW
56,ccreevy1j@w3.org,Camey,Creevy,5111400970,12/28/2020,10/25/2020,ccreevy1j,pLT1nC
57,cbainbrigge1k@rediff.com,Cletis,Bainbrigge,8359163232,12/14/2020,12/16/2020,cbainbrigge1k,gR5PD7TqsSFT
58,vrumens1l@i2i.jp,Vassily,Rumens,1721110786,03/27/2021,07/23/2020,vrumens1l,W79hJuK
59,ggaythor1m@canalblog.com,Glendon,Gaythor,1228406142,11/24/2020,02/26/2021,ggaythor1m,j3l61Cku
60,oabrahams1n@theglobeandmail.com,Odessa,Abrahams,9283048840,09/20/2020,02/09/2021,oabrahams1n,ArpNCkD
61,macosta1o@sina.com.cn,Monica,Acosta,5145020145,03/10/2021,09/02/2020,macosta1o,v0OZWOo9ZT
62,kdilger1p@is.gd,Kendre,Dilger,2437283754,11/03/2020,10/03/2020,kdilger1p,QVjPqWkdY0
63,tloft1q@illinois.edu,Toby,Loft,4481694826,10/17/2020,10/18/2020,tloft1q,B5D7zg
64,kwilne1r@comsenz.com,Kim,Wilne,1379144736,11/06/2020,08/21/2020,kwilne1r,GtMxJyE6
65,thehir1s@yahoo.com,Tarrance,Hehir,7126725345,10/08/2020,07/05/2020,thehir1s,nzNONCQ
66,rmcnulty1t@twitpic.com,Roby,McNulty,7895473119,05/30/2020,07/09/2020,rmcnulty1t,WxMNLR9
67,kdeniseau1u@de.vu,Kristina,Deniseau,2139750025,09/28/2020,04/13/2021,kdeniseau1u,lK7q7YvsjF8
68,nhowgill1v@sphinn.com,Nichole,Howgill,9669521092,01/28/2021,08/15/2020,nhowgill1v,50O1kpUvBmzx
69,kmanginot1w@epa.gov,Kara,Manginot,8016499405,05/07/2021,07/10/2020,kmanginot1w,fH5GxT9gJqiA
70,mcopins1x@dion.ne.jp,Marquita,Copins,1226764970,04/12/2021,01/04/2021,mcopins1x,9V3HbU
71,cprys1y@amazon.de,Carleton,Prys,3753024433,03/05/2021,09/12/2020,cprys1y,UxNDgdYth4q
72,mkeppin1z@mashable.com,Maria,Keppin,3698782983,06/15/2020,10/30/2020,mkeppin1z,k18hXnkWNg
73,blightwing20@plala.or.jp,Barret,Lightwing,1158335189,03/04/2021,04/01/2021,blightwing20,FCVb6ol4cd6g
74,ccurtis21@youku.com,Cherilyn,Curtis,8608326091,04/29/2021,05/04/2021,ccurtis21,8gT63ICDpq
75,noquirk22@mashable.com,Nonah,O' Quirk,5269041777,11/06/2020,11/03/2020,noquirk22,1kbchI5uhEUt
76,akeene23@discuz.net,Annabella,Keene,4114312023,01/11/2021,11/01/2020,akeene23,ZZH3w8mglrrJ
77,omcphee24@ft.com,Olivie,McPhee,4053821858,02/13/2021,01/29/2021,omcphee24,U78Z6Wf
78,ljaqueminet25@house.gov,Louisa,Jaqueminet,9924185896,09/13/2020,12/23/2020,ljaqueminet25,4WczzrW2P
79,hcastagna26@google.com,Hillary,Castagna,5284905640,02/20/2021,05/24/2020,hcastagna26,IM8Qvedk
80,gscates27@wordpress.com,Gabriello,Scates,5177277634,12/28/2020,02/22/2021,gscates27,Ks9CZe96H
81,gbaty28@chicagotribune.com,Graham,Baty,7233011078,09/12/2020,07/14/2020,gbaty28,F1wkudbZww
82,cdunlap29@privacy.gov.au,Cher,Dunlap,9017606271,06/19/2020,03/24/2021,cdunlap29,ZOKHs1ctT
83,wpolak2a@yellowbook.com,Wendi,Polak,3677537778,11/24/2020,03/12/2021,wpolak2a,uvmLAI
84,atunbridge2b@spotify.com,Annie,Tunbridge,7202537397,09/17/2020,01/14/2021,atunbridge2b,u5n5dpDyA
85,fnise2c@php.net,Fanya,Nise,5154619664,01/31/2021,11/30/2020,fnise2c,wptubkagB
86,eovenell2d@newsvine.com,Esme,Ovenell,6051571066,05/20/2020,07/31/2020,eovenell2d,R4M4bciJS
87,cswatheridge2e@squarespace.com,Chantalle,Swatheridge,8221143895,04/19/2021,11/12/2020,cswatheridge2e,NH7GDnn
88,nclaybourn2f@weibo.com,Neddie,Claybourn,7674257475,05/05/2021,08/10/2020,nclaybourn2f,2F4RndUN
89,aiwanicki2g@tamu.edu,Anna-maria,Iwanicki,6881928841,09/18/2020,10/21/2020,aiwanicki2g,a4hk5YYWwnn
90,jdulling2h@feedburner.com,Jamey,Dulling,9971073922,02/19/2021,04/28/2021,jdulling2h,h74kVQj
91,ljenkin2i@wikimedia.org,Lorette,Jenkin,9633785099,12/01/2020,09/03/2020,ljenkin2i,1A1HJhRebvOk
92,jswaffer2j@whitehouse.gov,Jackquelin,Swaffer,2748791990,12/11/2020,06/12/2020,jswaffer2j,zjySrT
93,jalexandersson2k@scientificamerican.com,Jenica,Alexandersson,9607503507,01/31/2021,11/24/2020,jalexandersson2k,e6z6XY
94,lahlin2l@marketwatch.com,Lewiss,Ahlin,7298958918,11/08/2020,08/16/2020,lahlin2l,l99zrN8EH
95,cdupree2m@soundcloud.com,Candi,Dupree,7585339073,02/12/2021,01/08/2021,cdupree2m,YzMTHdrLsqe
96,grassmann2n@wikispaces.com,Goddart,Rassmann,1031101768,02/02/2021,05/10/2021,grassmann2n,8k43AuTWcV
97,nbrickner2o@google.com,Nikkie,Brickner,7279540423,03/11/2021,06/27/2020,nbrickner2o,yc4jMBlz
98,bmacgilfoyle2p@craigslist.org,Bekki,MacGilfoyle,7664754028,09/18/2020,08/16/2020,bmacgilfoyle2p,ZmTJgE
99,iburberye2q@example.com,Inger,Burberye,2798837097,03/07/2021,01/25/2021,iburberye2q,lvRfNmSA
100,sthairs2r@infoseek.co.jp,Sapphira,Thairs,2836888604,09/11/2020,12/15/2020,sthairs2r,H3YIYtzXWI9d
101,nbenns2s@g.co,Nataniel,Benns,7017897575,03/26/2021,05/12/2021,nbenns2s,H60Z929
102,hwalthall2t@histats.com,Harrie,Walthall,2901901660,12/28/2020,07/12/2020,hwalthall2t,tijxFPzbWUW
103,lcrommett2u@desdev.cn,Lillian,Crommett,3506781470,07/29/2020,04/28/2021,lcrommett2u,35vS5YujleMO
104,bbrawley2v@linkedin.com,Benjamin,Brawley,2793232338,07/30/2020,05/30/2020,bbrawley2v,oxegS5FzzAc
105,bburford2w@uiuc.edu,Bax,Burford,9216515706,06/05/2020,08/08/2020,bburford2w,BcTfGs
106,wratcliff2x@skype.com,Wolf,Ratcliff,4636330957,10/01/2020,02/27/2021,wratcliff2x,EbCXtgf0
107,plabb2y@digg.com,Petunia,Labb,2411955118,05/23/2020,05/31/2020,plabb2y,ZVj9zb6
108,cgoude2z@drupal.org,Carma,Goude,2536676266,12/11/2020,04/26/2021,cgoude2z,BesMagMsK
109,scodlin30@miibeian.gov.cn,Skelly,Codlin,2156585333,08/30/2020,06/18/2020,scodlin30,jRrscONkLMe
110,mbrowett31@over-blog.com,Merry,Browett,3279543906,08/29/2020,08/30/2020,mbrowett31,h6jyc3Jmb
111,nbarends32@shutterfly.com,Nicky,Barends,8628650788,06/25/2020,08/30/2020,nbarends32,4P9zQCd1
112,lblesing33@amazon.co.uk,Lucilia,Blesing,4389533884,10/18/2020,11/20/2020,lblesing33,Z2NEh6MuMVX
113,iannable34@si.edu,Iggie,Annable,9597211910,11/08/2020,07/15/2020,iannable34,l7nHtqMDNOpV
114,fallatt35@bandcamp.com,Fabien,Allatt,9682809327,02/01/2021,07/18/2020,fallatt35,x24j96SoYXF
115,rtankard36@jiathis.com,Raviv,Tankard,7601548316,10/31/2020,05/08/2021,rtankard36,mVN6Hxm
116,qmillberg37@blogger.com,Quintina,Millberg,1726098869,02/23/2021,01/04/2021,qmillberg37,TUvKhc8sRIP
117,cbucky38@mlb.com,Calvin,Bucky,7579317524,04/27/2021,09/02/2020,cbucky38,5uj8Yx
118,aamott39@blog.com,Alvan,Amott,9025396678,09/01/2020,12/04/2020,aamott39,6MQBLsiKyV
119,dedy3a@surveymonkey.com,Dorey,Edy,1836022845,06/05/2020,07/20/2020,dedy3a,WQDgzt48zOYB
120,bstanyforth3b@ifeng.com,Basil,Stanyforth,5409358538,02/22/2021,09/15/2020,bstanyforth3b,tCFCGZxg
121,aforsdyke3c@wikipedia.org,Alane,Forsdyke,8305630134,07/07/2020,08/24/2020,aforsdyke3c,MXAYBCarqnbZ
122,jcardenoso3d@yelp.com,Janeen,Cardenoso,5366821628,01/24/2021,05/09/2021,jcardenoso3d,PSUvrrY
123,acreelman3e@salon.com,Arlinda,Creelman,3294262623,05/29/2020,07/08/2020,acreelman3e,1DsZeK2
124,bbringloe3f@g.co,Burnaby,Bringloe,4703650121,02/10/2021,07/31/2020,bbringloe3f,CjOu5L0Wdmt
125,gharbisher3g@archive.org,Garey,Harbisher,9963995611,02/06/2021,08/17/2020,gharbisher3g,uIVZOET
126,obeacon3h@adobe.com,Ode,Beacon,6855355996,04/19/2021,11/11/2020,obeacon3h,YlZ5nrBGX3l
127,rgustus3i@businessinsider.com,Rochester,Gustus,1187154165,12/09/2020,12/21/2020,rgustus3i,9sGTtE8oV8
128,lpraundlin3j@latimes.com,Lindsey,Praundlin,5189372365,04/25/2021,10/11/2020,lpraundlin3j,JtWgKY6
129,mhallbird3k@wikispaces.com,Miner,Hallbird,1995846146,08/28/2020,07/16/2020,mhallbird3k,3BqyWSFTCdwL
130,koreagan3l@unesco.org,Ketti,O' Reagan,8979897633,07/22/2020,12/09/2020,koreagan3l,z5QUwDaejjU
131,pperigeaux3m@nih.gov,Pincus,Perigeaux,8855212891,03/14/2021,09/26/2020,pperigeaux3m,9AkHXpQEl
132,eshewan3n@google.fr,Eldridge,Shewan,3005536787,11/28/2020,02/14/2021,eshewan3n,6TetFz6F
133,mkaman3o@360.cn,Melodie,Kaman,6115374180,03/16/2021,03/25/2021,mkaman3o,keRbApW
134,acreasy3p@bbb.org,Adrianne,Creasy,1078669075,06/20/2020,10/31/2020,acreasy3p,voKL3gBAI
135,kheed3q@mashable.com,Kristien,Heed,3489928482,08/05/2020,10/22/2020,kheed3q,08EfRHqyTEvj
136,sdilucia3r@time.com,Shawna,Di Lucia,9634137480,03/24/2021,03/26/2021,sdilucia3r,R5t9Iz3s
137,egritsunov3s@nps.gov,Elizabet,Gritsunov,8565072592,01/15/2021,12/16/2020,egritsunov3s,eyj0pI
138,jspofford3t@chronoengine.com,Jerad,Spofford,1511706154,04/22/2021,05/10/2021,jspofford3t,mKz23ck
139,ddelatremoille3u@artisteer.com,Delmar,de la Tremoille,9322379007,11/25/2020,07/21/2020,ddelatremoille3u,bfAkRcakG
140,vpietruszka3v@digg.com,Vera,Pietruszka,5385905979,07/31/2020,03/05/2021,vpietruszka3v,c3P6TAwh
141,hmcmurray3w@last.fm,Hymie,McMurray,2706436090,12/04/2020,05/22/2020,hmcmurray3w,Wnhr7G3
142,ddaily3x@canalblog.com,Dave,Daily,7155625595,07/28/2020,12/16/2020,ddaily3x,EzvmuziU
143,ckrzyzanowski3y@nyu.edu,Cirilo,Krzyzanowski,2423930848,07/10/2020,01/24/2021,ckrzyzanowski3y,RWDWzn1cc3T
144,aegarr3z@nps.gov,Al,Egarr,3301560178,03/15/2021,02/22/2021,aegarr3z,LsJe9JJKe61
145,agyorgy40@arstechnica.com,Art,Gyorgy,1745050373,06/07/2020,09/01/2020,agyorgy40,SFS85rB
146,bstoppard41@wufoo.com,Barthel,Stoppard,7265872078,11/17/2020,02/09/2021,bstoppard41,eWiBDpFKby
147,bmalley42@addtoany.com,Barbe,Malley,1169807659,12/19/2020,12/09/2020,bmalley42,kuML3jW
148,fmacias43@huffingtonpost.com,Flem,Macias,3676592432,02/22/2021,04/23/2021,fmacias43,dRQ5PP
149,rhuburn44@yale.edu,Rem,Huburn,6955769333,09/15/2020,08/11/2020,rhuburn44,a7TL5r
150,gdixson45@oracle.com,Gaylord,Dixson,3565434875,10/07/2020,06/06/2020,gdixson45,XFrfGPUs
151,brobottham46@independent.co.uk,Brannon,Robottham,2756429829,06/04/2020,06/24/2020,brobottham46,RSkqgPqmRkh7
152,pfalkingham47@usa.gov,Pru,Falkingham,4335148662,09/08/2020,06/10/2020,pfalkingham47,EUM1cYSTfsl
153,atunesi48@ft.com,Artus,Tunesi,5093466568,04/02/2021,12/18/2020,atunesi48,as4gYvM
154,sreyna49@cafepress.com,Salvatore,Reyna,3099569163,01/04/2021,03/07/2021,sreyna49,ZLpYAyj6H
155,mspurling4a@baidu.com,Mitch,Spurling,9953300203,06/23/2020,09/04/2020,mspurling4a,3ezHZc
156,rtapping4b@nasa.gov,Rickie,Tapping,9636476356,08/22/2020,11/21/2020,rtapping4b,j241wKVgse
157,wpell4c@blog.com,Wanids,Pell,6612621276,06/08/2020,05/26/2020,wpell4c,ERTwrPp
158,fpaulsen4d@ibm.com,Fanchette,Paulsen,7427639321,05/17/2021,03/08/2021,fpaulsen4d,vHvHJOl3i
159,gerrey4e@acquirethisname.com,Gauthier,Errey,2707988244,10/15/2020,08/10/2020,gerrey4e,MP5zsXt
160,jmattke4f@noaa.gov,Janith,Mattke,1507961116,02/10/2021,07/28/2020,jmattke4f,I0M2r5DUP
161,aarndt4g@umich.edu,Augustin,Arndt,6232409158,02/26/2021,02/23/2021,aarndt4g,CZrsgIlJs
162,mdelamere4h@paypal.com,Madelaine,Delamere,2569054443,10/19/2020,12/08/2020,mdelamere4h,Bwp6T7Vlhdcg
163,lbycraft4i@lycos.com,Lurette,Bycraft,9385627319,12/13/2020,10/02/2020,lbycraft4i,jtk0qka
164,aaspray4j@prweb.com,Anders,Aspray,6691541653,11/03/2020,08/21/2020,aaspray4j,J2B9MJ1
165,otyres4k@delicious.com,Othella,Tyres,5589917824,02/21/2021,01/23/2021,otyres4k,aqPtl043Kb
166,blevine4l@ezinearticles.com,Brooks,Levine,2271346901,04/24/2021,08/31/2020,blevine4l,r11g7h61V2C
167,fdengate4m@cbslocal.com,Fernandina,Dengate,6231427850,11/02/2020,07/24/2020,fdengate4m,SNoSJ7JuuSq
168,tluquet4n@360.cn,Thacher,Luquet,4374386074,09/06/2020,07/14/2020,tluquet4n,mabPEN5
169,cbohman4o@japanpost.jp,Cicely,Bohman,4974862454,01/12/2021,09/13/2020,cbohman4o,XEMNwuqX6M
170,ngreeves4p@mtv.com,Noah,Greeves,9138298170,10/18/2020,04/14/2021,ngreeves4p,QFFfVk2yWm
171,dmacgibbon4q@amazon.com,Dougie,MacGibbon,3041063211,04/27/2021,10/22/2020,dmacgibbon4q,txAnKG
172,tcurrington4r@umich.edu,Tybie,Currington,7353787175,10/16/2020,08/04/2020,tcurrington4r,eN2xEAd
173,kemsden4s@t-online.de,Kingsly,Emsden,2743096012,12/11/2020,01/05/2021,kemsden4s,VdrglhHLdHrx
174,scow4t@networksolutions.com,Sarena,Cow,8225495815,06/09/2020,12/09/2020,scow4t,2wGb29
175,gskoughman4u@cisco.com,Garik,Skoughman,5033891752,02/02/2021,07/17/2020,gskoughman4u,QhEJiTp
176,kivett4v@yelp.com,Kyle,Ivett,5464974384,01/16/2021,08/21/2020,kivett4v,9pWwoJA0socn
177,fpenvarden4w@diigo.com,Falito,Penvarden,2137782192,11/11/2020,06/28/2020,fpenvarden4w,OBHftofbZSp
178,gkonmann4x@blogs.com,Giorgio,Konmann,2653188226,01/02/2021,04/19/2021,gkonmann4x,uPglw7CRo7JP
179,mambroz4y@phoca.cz,Marieann,Ambroz,9347684197,08/25/2020,05/14/2021,mambroz4y,K24yH9Og7
180,fblaszczynski4z@etsy.com,Faydra,Blaszczynski,9828645665,10/21/2020,12/07/2020,fblaszczynski4z,MOUqrTPfon
181,mmiliffe50@rakuten.co.jp,Maximilien,Miliffe,1344703088,01/14/2021,07/09/2020,mmiliffe50,kBfb8yx
182,llagden51@webnode.com,Lonee,Lagden,2759172594,01/28/2021,08/05/2020,llagden51,OKlvU7GiL
183,mmccorley52@slate.com,Malvin,Mc Corley,7383482756,02/19/2021,01/14/2021,mmccorley52,M0hvpuzEfWH6
184,ovolleth53@symantec.com,Orlando,Volleth,1885667454,01/05/2021,01/11/2021,ovolleth53,MKiBdW5
185,ghowles54@craigslist.org,Gabby,Howles,1994377356,05/10/2021,04/04/2021,ghowles54,HuGzgEpb
186,oorrum55@t-online.de,Olva,Orrum,7987441952,03/26/2021,08/28/2020,oorrum55,fv4UaHLcXXLQ
187,reaston56@smh.com.au,Renato,Easton,4397232619,02/06/2021,10/30/2020,reaston56,IDmcEa1HNeQ
188,pskim57@harvard.edu,Peria,Skim,6286968711,02/05/2021,03/11/2021,pskim57,CjOpKv
189,vrawson58@aol.com,Vicky,Rawson,2997454713,05/20/2020,01/17/2021,vrawson58,7UWYFG8bSX
190,jcatlin59@shop-pro.jp,Jaymee,Catlin,6109803101,03/11/2021,12/01/2020,jcatlin59,ZvBccOksrHYE
191,teffaunt5a@ebay.co.uk,Tandy,Effaunt,5541727727,07/10/2020,12/07/2020,teffaunt5a,Dk87AGgyp8
192,totuohy5b@delicious.com,Traci,O'Tuohy,6955251474,07/01/2020,06/14/2020,totuohy5b,SEDL0QenkY
193,bchidlow5c@dell.com,Becca,Chidlow,6246101668,04/02/2021,03/06/2021,bchidlow5c,bM6ykm
194,aforce5d@gizmodo.com,Arluene,Force,7074235459,11/10/2020,03/19/2021,aforce5d,9Q4xlrnFd
195,dsottell5e@mozilla.org,Drake,Sottell,2208272957,01/03/2021,11/07/2020,dsottell5e,VczdG2
196,sjedrzejczyk5f@archive.org,Sadie,Jedrzejczyk,2808463522,01/29/2021,03/09/2021,sjedrzejczyk5f,0L9QjL
197,nsales5g@icq.com,Nerte,Sales,2462591418,01/09/2021,08/01/2020,nsales5g,JlI2Xc
198,bbiner5h@ucoz.com,Burton,Biner,3834876874,02/09/2021,07/03/2020,bbiner5h,81Fz4kwOMSx
199,hdessant5i@nytimes.com,Hinze,Dessant,7355214186,01/06/2021,10/11/2020,hdessant5i,9v5h37CmMo
200,fwallbutton5j@ucoz.ru,Fredra,Wallbutton,4198435563,03/22/2021,06/26/2020,fwallbutton5j,ngI9tFRBY7h5
201,stomsen5k@yelp.com,Sancho,Tomsen,3733630271,09/06/2020,08/31/2020,stomsen5k,zYlLGYaHxC4
202,jdegogay5l@spotify.com,Jessie,De Gogay,9315537773,10/19/2020,02/26/2021,jdegogay5l,VflJaeGdEj
203,plambert5m@blinklist.com,Pooh,Lambert,7985564478,01/22/2021,11/21/2020,plambert5m,ImSNyKVtk
204,bketteridge5n@xinhuanet.com,Bret,Ketteridge,9747258338,05/09/2021,12/07/2020,bketteridge5n,eQYxYPYx
205,tlinne5o@senate.gov,Tadeo,Linne,9538374144,02/10/2021,11/08/2020,tlinne5o,gqDbG6
206,lmcwhorter5p@topsy.com,Leonie,McWhorter,8658526142,06/04/2020,05/17/2021,lmcwhorter5p,hvaaw7dd
207,cberthot5q@shareasale.com,Cirillo,Berthot,2885812854,02/28/2021,10/20/2020,cberthot5q,mrX2d2gkD2
208,groscow5r@networksolutions.com,Glenine,Roscow,6062795684,11/17/2020,08/10/2020,groscow5r,p3n2y6rUR
209,plogsdail5s@t-online.de,Paulo,Logsdail,6597787680,08/12/2020,05/04/2021,plogsdail5s,ybpfREtTvgC
210,bbernardt5t@usgs.gov,Bellanca,Bernardt,8161858512,06/13/2020,02/12/2021,bbernardt5t,5mQxE9
211,nschild5u@themeforest.net,Noemi,Schild,1347934664,02/19/2021,05/10/2021,nschild5u,wCW0fgc65Di
212,bbaynes5v@google.pl,Bert,Baynes,9052203684,09/10/2020,06/09/2020,bbaynes5v,4NXJiC
213,dreckless5w@dropbox.com,Davine,Reckless,7071031224,07/30/2020,12/10/2020,dreckless5w,VFwWGz1KX
214,ilewin5x@chronoengine.com,Irita,Lewin,5764116994,10/06/2020,06/02/2020,ilewin5x,fPYhgwI8FO
215,pdecruce5y@over-blog.com,Pammie,De Cruce,1741903682,06/27/2020,01/25/2021,pdecruce5y,5HDWjpAf
216,psquibbs5z@wiley.com,Portie,Squibbs,6101645434,10/04/2020,12/08/2020,psquibbs5z,NwsZYt2
217,dsoughton60@list-manage.com,Derick,Soughton,4061355215,04/23/2021,03/16/2021,dsoughton60,F5u4MCdR0UI
218,vhumphries61@arizona.edu,Valentine,Humphries,4388642249,11/01/2020,08/27/2020,vhumphries61,WiiSvRAWp
219,emacallan62@spotify.com,Essy,MacAllan,6023602190,01/22/2021,12/12/2020,emacallan62,tNo2W4CXbv0T
220,hroomes63@hao123.com,Harald,Roomes,1463719670,02/14/2021,09/11/2020,hroomes63,73fWod
221,cbunkle64@shareasale.com,Carolynn,Bunkle,2242106170,05/31/2020,03/14/2021,cbunkle64,eXDaQOo
222,ppaulusch65@artisteer.com,Padgett,Paulusch,8343857344,05/11/2021,03/13/2021,ppaulusch65,IC0TAfnHC
223,afrangione66@typepad.com,Antons,Frangione,3205465821,11/18/2020,07/25/2020,afrangione66,XkRMaP4V5Op
224,jmcclure67@lycos.com,Jennifer,McClure,2085735453,03/15/2021,02/16/2021,jmcclure67,s9EkwYhYdimF
225,pbotting68@pcworld.com,Pia,Botting,3464908432,03/06/2021,04/10/2021,pbotting68,FphyNhWhM
226,aloeber69@timesonline.co.uk,Aylmar,Loeber,5609520535,07/03/2020,05/13/2021,aloeber69,q8qImkKQN9
227,rstapleford6a@digg.com,Raquela,Stapleford,7133823369,03/16/2021,09/18/2020,rstapleford6a,iVdVqT
228,npittoli6b@reverbnation.com,Nara,Pittoli,5662999481,02/11/2021,09/08/2020,npittoli6b,vfyIouazt
229,cgladyer6c@guardian.co.uk,Clotilda,Gladyer,1891652165,09/23/2020,11/23/2020,cgladyer6c,GAdjJx5
230,simlacke6d@free.fr,Sherman,Imlacke,4946815538,12/04/2020,10/19/2020,simlacke6d,Hqcvh7wOR67
231,pmcvicar6e@icq.com,Paddie,McVicar,1154775449,07/02/2020,01/22/2021,pmcvicar6e,U0qKMtlk2
232,cmary6f@joomla.org,Cobby,Mary,3038978405,05/13/2021,12/13/2020,cmary6f,h3ZMKoQaNhj
233,ggoosey6g@vinaora.com,Gilligan,Goosey,7017221395,05/01/2021,06/03/2020,ggoosey6g,n19Xk0r5
234,fbenallack6h@mozilla.com,Farlie,Benallack,7479364346,08/26/2020,01/11/2021,fbenallack6h,Fh3xuQWL
235,amurdoch6i@drupal.org,Angy,Murdoch,1665428725,07/04/2020,11/16/2020,amurdoch6i,6ITzKa
236,rkall6j@wufoo.com,Reyna,Kall,2727135030,12/27/2020,11/10/2020,rkall6j,uD4tSnoe
237,adrains6k@about.me,Augustine,Drains,8561154910,10/20/2020,05/29/2020,adrains6k,lyTuGiS
238,ekipping6l@sciencedirect.com,Elias,Kipping,5312939843,11/19/2020,05/08/2021,ekipping6l,XtKJcuXGtShf
239,tstewart6m@example.com,Tate,Stewart,2258278042,11/13/2020,06/14/2020,tstewart6m,iyQjopX
240,kohoolahan6n@squarespace.com,Kori,O'Hoolahan,7081732578,03/28/2021,01/27/2021,kohoolahan6n,GqVtA7g
241,clayhe6o@blogs.com,Colby,Layhe,5546221033,06/09/2020,02/15/2021,clayhe6o,xVTF28Y
242,idrust6p@skype.com,Idelle,Drust,9136529353,05/05/2021,08/18/2020,idrust6p,6EIbPlQb8XA
243,hjanout6q@example.com,Haywood,Janout,1692925635,07/12/2020,05/07/2021,hjanout6q,sCruJ7X1xmk
244,cthonason6r@sfgate.com,Corny,Thonason,4595515278,07/11/2020,02/01/2021,cthonason6r,2jiThl0txtz
245,dcapini6s@facebook.com,Dorris,Capini,4095684829,02/10/2021,01/10/2021,dcapini6s,e0prGSyciMIh
246,ckopps6t@last.fm,Cyndi,Kopps,5266352781,09/13/2020,11/13/2020,ckopps6t,Bkvg0mv9l1F
247,ntiddeman6u@deviantart.com,Neall,Tiddeman,4454494903,02/26/2021,05/05/2021,ntiddeman6u,Rw21DwWLn5
248,wgrantham6v@so-net.ne.jp,Winny,Grantham,3885539312,10/24/2020,12/06/2020,wgrantham6v,VCE6D6
249,mmanston6w@yahoo.co.jp,Maddi,Manston,9112886389,12/11/2020,01/22/2021,mmanston6w,nKLxB8hnL0
250,blinden6x@mysql.com,Berkley,Linden,4601356338,01/08/2021,08/10/2020,blinden6x,1TltZFcu3
251,rmapam6y@eepurl.com,Ruthann,Mapam,5151410578,06/29/2020,06/28/2020,rmapam6y,zJRsNncxpro
252,dcreaser6z@slate.com,Dael,Creaser,5049681879,07/07/2020,08/25/2020,dcreaser6z,alAjSEw
253,mpudney70@icq.com,Mal,Pudney,7367673838,03/14/2021,12/27/2020,mpudney70,KkVRzXW
254,wbeautyman71@tamu.edu,Wolfie,Beautyman,3009292351,02/12/2021,05/14/2021,wbeautyman71,a698v1I
255,rserck72@dropbox.com,Rudiger,Serck,4442110635,05/05/2021,02/10/2021,rserck72,MKfYcVR
256,kboshier73@reuters.com,Kleon,Boshier,3072269991,03/16/2021,04/28/2021,kboshier73,z4iPtZVDP
257,fpes74@accuweather.com,Freddi,Pes,7913610004,04/30/2021,05/19/2020,fpes74,Wu2D4l22bO
258,ppengilly75@sogou.com,Price,Pengilly,6358919912,11/17/2020,05/29/2020,ppengilly75,jRo9jv
259,wlitterick76@tuttocitta.it,Wade,Litterick,5906793781,03/07/2021,05/29/2020,wlitterick76,Zd0Bqbjxn0
260,espurritt77@altervista.org,Etti,Spurritt,7872516411,11/29/2020,01/13/2021,espurritt77,dadhuBY3
261,ljendas78@163.com,Lorrie,Jendas,4552919367,04/05/2021,05/20/2020,ljendas78,ljJPogX
262,mhinkley79@angelfire.com,Mal,Hinkley,8504231054,08/02/2020,06/10/2020,mhinkley79,4CaeGL
263,mgarland7a@sciencedirect.com,Margo,Garland,2129559766,11/08/2020,02/17/2021,mgarland7a,jhnFDTm
264,aalleyn7b@sakura.ne.jp,Abbe,Alleyn,2218673621,07/10/2020,07/10/2020,aalleyn7b,73OVemuqeule
265,bhallatt7c@bandcamp.com,Briana,Hallatt,7133327758,04/10/2021,07/22/2020,bhallatt7c,Ql2nehqBCYm
266,lgres7d@photobucket.com,Leann,Gres,6608844688,12/24/2020,07/29/2020,lgres7d,XbpzGu
267,mrichie7e@nydailynews.com,Marie-ann,Richie,6951154595,08/12/2020,07/13/2020,mrichie7e,YnL6foFT0fk
268,dhindmoor7f@wordpress.org,Dani,Hindmoor,2125710347,08/30/2020,05/27/2020,dhindmoor7f,vlTheztD
269,rsutherland7g@wix.com,Ring,Sutherland,8375056988,08/20/2020,10/12/2020,rsutherland7g,Lhl0flGT
270,bmcnally7h@cbslocal.com,Babs,McNally,1226302928,09/07/2020,09/14/2020,bmcnally7h,nMfcSIf31C9
271,adaine7i@miitbeian.gov.cn,Adan,Daine,6543434302,11/24/2020,04/28/2021,adaine7i,AeX1zJTO
272,pmattheeuw7j@google.com,Patsy,Mattheeuw,6292125140,08/11/2020,11/11/2020,pmattheeuw7j,9rnXiPO
273,dpound7k@nymag.com,Darcy,Pound,9272793924,09/10/2020,10/11/2020,dpound7k,MW9oqIqK74AA
274,thannan7l@i2i.jp,Tallia,Hannan,9884635903,02/23/2021,08/13/2020,thannan7l,hfxL8fuz0xJ
275,lramel7m@bravesites.com,Liam,Ramel,4585720711,03/04/2021,03/18/2021,lramel7m,sbA8K1wejC
276,dveltman7n@google.ru,Darrel,Veltman,1148690081,10/15/2020,11/16/2020,dveltman7n,JlnYXj8VEuZ
277,nwithey7o@wix.com,Neddie,Withey,2126347610,08/31/2020,03/29/2021,nwithey7o,q54bWwGNfd
278,cbernardez7p@hubpages.com,Cirstoforo,Bernardez,8362370422,04/30/2021,02/17/2021,cbernardez7p,GQryu1tx9OEF
279,wstych7q@fema.gov,Win,Stych,4471534660,06/23/2020,01/14/2021,wstych7q,0NaEhaPeC
280,astrainge7r@imdb.com,Alley,Strainge,2407368786,06/21/2020,02/04/2021,astrainge7r,ErehonP9gH1x
281,cswin7s@blogger.com,Codee,Swin,9562639625,10/29/2020,03/03/2021,cswin7s,KPlokaF
282,mcometto7t@google.co.jp,Mitzi,Cometto,4794666874,07/18/2020,03/14/2021,mcometto7t,K4W7NE1lQ2x
283,pmanger7u@photobucket.com,Prentice,Manger,5132705322,03/19/2021,07/30/2020,pmanger7u,dCcm4e6P9BGj
284,ibasilotta7v@istockphoto.com,Iain,Basilotta,8568061085,05/03/2021,10/28/2020,ibasilotta7v,fXf0Szil
285,eburgise7w@ycombinator.com,Edsel,Burgise,6122630828,05/24/2020,08/15/2020,eburgise7w,CfjGqGON
286,lspoole7x@w3.org,Lula,Spoole,2583687712,08/30/2020,06/04/2020,lspoole7x,e04sQ2j8pm6y
287,gkike7y@washingtonpost.com,Gilbertine,Kike,4322092903,07/12/2020,07/24/2020,gkike7y,Fw4aKY9d
288,lhunnawill7z@acquirethisname.com,Leslie,Hunnawill,6718291497,05/24/2020,01/03/2021,lhunnawill7z,OVliyd0ov
289,seshmade80@hostgator.com,Sharla,Eshmade,3958336554,09/18/2020,11/20/2020,seshmade80,n9YOofaqPug
290,frosengren81@gnu.org,Faith,Rosengren,4529502176,08/07/2020,05/08/2021,frosengren81,2LAZFti2
291,wbampkin82@parallels.com,Wernher,Bampkin,7338762077,10/25/2020,04/28/2021,wbampkin82,tD41AyGC1KpW
292,cwimlet83@wix.com,Chelsea,Wimlet,3333212127,07/22/2020,06/05/2020,cwimlet83,Be3aR2
293,astobbie84@psu.edu,Annalise,Stobbie,4536528197,11/02/2020,03/30/2021,astobbie84,SDHpUsR
294,dfernando85@yahoo.com,Darleen,Fernando,6807900550,01/24/2021,10/29/2020,dfernando85,hqAYmqwM8ZFI
295,ecraney86@yellowpages.com,Elli,Craney,5612544251,07/23/2020,02/17/2021,ecraney86,0pTFtmK0
296,wmcknish87@usa.gov,Warren,McKnish,8802920414,10/04/2020,09/29/2020,wmcknish87,ZGWGEGQjdUxr
297,eskocroft88@nih.gov,Ethelred,Skocroft,5757934841,10/13/2020,06/14/2020,eskocroft88,3N7JIc
298,gsaunderson89@histats.com,Gerhardt,Saunderson,2676244440,05/03/2021,06/24/2020,gsaunderson89,Bvzu1YI
299,gianson8a@imdb.com,Geri,Ianson,8866574971,05/09/2021,06/08/2020,gianson8a,kQHaWzIDR
300,ceastabrook8b@weather.com,Chuck,Eastabrook,9085174479,05/27/2020,07/04/2020,ceastabrook8b,t6ANshk2
301,sivasechko8c@ebay.co.uk,Simmonds,Ivasechko,7017044452,10/16/2020,11/17/2020,sivasechko8c,uTngRtbwIOEg
302,pesel8d@123-reg.co.uk,Phillipp,Esel,6038746677,04/04/2021,02/16/2021,pesel8d,4mZoG9lX88h
303,bmeharg8e@upenn.edu,Brittany,Meharg,8587975278,09/20/2020,05/17/2021,bmeharg8e,YRqLJWekIeEb
304,smiskimmon8f@biglobe.ne.jp,Starla,Miskimmon,2631412692,03/15/2021,12/14/2020,smiskimmon8f,aJEel0Su8Q
305,aminty8g@umich.edu,Alexina,Minty,4892487438,01/18/2021,08/24/2020,aminty8g,7uoDK6XsL
306,aguitonneau8h@youku.com,Aldus,Guitonneau,8985442479,01/30/2021,03/31/2021,aguitonneau8h,d4zNCZsiri0
307,acherry8i@instagram.com,Ashly,Cherry,9341810352,01/03/2021,05/09/2021,acherry8i,SvwrdqK5SZ
308,vpattrick8j@imgur.com,Valentia,Pattrick,8249600240,01/13/2021,01/29/2021,vpattrick8j,Fbh9VHSWb2LS
309,rsorbie8k@vinaora.com,Renaud,Sorbie,3256130026,04/21/2021,06/12/2020,rsorbie8k,59yMGhG0
310,gcahani8l@buzzfeed.com,Giraud,Cahani,1354230602,10/26/2020,11/02/2020,gcahani8l,jYFMyJ
311,prichmont8m@noaa.gov,Peder,Richmont,4948161727,01/03/2021,01/10/2021,prichmont8m,4lRrur1EV
312,cmaccracken8n@businessweek.com,Cathe,MacCracken,2364091135,08/11/2020,01/28/2021,cmaccracken8n,GEPvWLJSMiFy
313,lcochrane8o@weibo.com,Lynde,Cochrane,3853182591,01/11/2021,09/23/2020,lcochrane8o,cAML7AN
314,acavaney8p@yahoo.com,Astrix,Cavaney,2192217887,11/22/2020,06/13/2020,acavaney8p,Y5ndv7b
315,jjillett8q@statcounter.com,Joshua,Jillett,9001724138,10/20/2020,01/13/2021,jjillett8q,M0OoB40zTo0
316,rlipscombe8r@washingtonpost.com,Richie,Lipscombe,1178910022,02/05/2021,08/07/2020,rlipscombe8r,56jsNVjmIImA
317,ybouda8s@google.it,Yanaton,Bouda,3439352244,10/30/2020,01/04/2021,ybouda8s,BdkMQvfpxwyd
318,jnoke8t@hexun.com,Jobi,Noke,7425196285,09/01/2020,06/12/2020,jnoke8t,aCEJF5H5F2
319,agiacubbo8u@wired.com,Angelique,Giacubbo,2128801808,01/04/2021,11/27/2020,agiacubbo8u,HxC8aa40edY
320,ghawford8v@ameblo.jp,Gwenny,Hawford,9326891151,08/15/2020,09/17/2020,ghawford8v,Lp53nIZwJPZ
321,jdaingerfield8w@hhs.gov,Justis,Daingerfield,2685189591,06/14/2020,04/27/2021,jdaingerfield8w,mAVA4c21AID
322,vperigeaux8x@netscape.com,Vera,Perigeaux,2758055060,04/03/2021,12/22/2020,vperigeaux8x,lQDbsBrDmcT
323,lbonwell8y@last.fm,Lorelle,Bonwell,9376420257,01/24/2021,06/11/2020,lbonwell8y,yRqv3I1
324,hcosgrove8z@cnn.com,Helsa,Cosgrove,3239659887,05/04/2021,10/12/2020,hcosgrove8z,XdRtusuR4Xy
325,hfalcus90@phoca.cz,Hastings,Falcus,5909884596,03/29/2021,03/18/2021,hfalcus90,FIXFVjz7j3
326,tchaffe91@vkontakte.ru,Tim,Chaffe,7908360272,11/20/2020,10/05/2020,tchaffe91,Am4eawAqPRKF
327,cbrason92@spotify.com,Celestyn,Brason,4288084926,03/28/2021,12/05/2020,cbrason92,YEujVSZ1
328,lsilverthorn93@cnet.com,Laughton,Silverthorn,6353289738,06/25/2020,01/19/2021,lsilverthorn93,yKleAoPIYS0
329,gcudmore94@php.net,Gordy,Cudmore,3172247694,12/23/2020,08/30/2020,gcudmore94,QHao5c
330,yhandyside95@spiegel.de,Yvonne,Handyside,2111580394,06/26/2020,03/23/2021,yhandyside95,H53UahYuUC5B
331,apink96@shareasale.com,Arther,Pink,6846560452,09/17/2020,11/15/2020,apink96,eFQ9iHh4FXx7
332,dmurt97@google.it,Daven,Murt,7423867488,09/11/2020,08/03/2020,dmurt97,uLC0aOlrJNMx
333,bmushrow98@ucsd.edu,Brander,Mushrow,6147381330,06/07/2020,12/15/2020,bmushrow98,Htm6vu1um
334,ncouves99@globo.com,Northrop,Couves,4177910717,12/02/2020,09/25/2020,ncouves99,ehIJ0dKaJUOl
335,lmccutheon9a@facebook.com,Lavinia,McCutheon,4389038611,06/03/2020,08/10/2020,lmccutheon9a,ChRRuOBibCv
336,hcrosfield9b@washington.edu,Hunt,Crosfield,1625885622,03/03/2021,02/07/2021,hcrosfield9b,z7roQCIqsw
337,tattwell9c@rakuten.co.jp,Tamma,Attwell,6564874719,11/29/2020,03/03/2021,tattwell9c,vFQ6I5U
338,fmenzies9d@wufoo.com,Federico,Menzies,6867977407,09/15/2020,09/23/2020,fmenzies9d,g5uzAe47M
339,sspellecy9e@redcross.org,Sabine,Spellecy,5463583197,12/31/2020,05/14/2021,sspellecy9e,nVy5JmUHXcoG
340,wgiovanizio9f@quantcast.com,Witty,Giovanizio,8696808394,08/16/2020,12/29/2020,wgiovanizio9f,tunmbx
341,ffilan9g@webeden.co.uk,Ferguson,Filan,4779330774,11/03/2020,08/05/2020,ffilan9g,UXdbHVo1WV1
342,tcolvill9h@comcast.net,Terrence,Colvill,3826206859,09/23/2020,11/05/2020,tcolvill9h,xcfuXTJ
343,bechallier9i@vimeo.com,Baxter,Echallier,2932743585,06/17/2020,03/24/2021,bechallier9i,7Ck792CKXu
344,apressnell9j@chronoengine.com,Arlana,Pressnell,9856974850,10/06/2020,10/18/2020,apressnell9j,fNechYMlaVhZ
345,kmayston9k@auda.org.au,Kori,Mayston,8695408975,09/06/2020,08/02/2020,kmayston9k,BfcX5yVVG1
346,jkmicicki9l@usnews.com,Joanie,Kmicicki,6697802701,11/23/2020,03/03/2021,jkmicicki9l,tD4Zhnzl
347,bgladtbach9m@google.fr,Biddy,Gladtbach,9392562410,09/16/2020,10/21/2020,bgladtbach9m,bsChIR7A
348,adanskine9n@weebly.com,Alric,Danskine,6661002235,01/23/2021,11/16/2020,adanskine9n,J6gruSY4YiJ
349,skaspar9o@shop-pro.jp,Sasha,Kaspar,7727636750,11/25/2020,01/09/2021,skaspar9o,HfVd7OL
350,mbonafacino9p@independent.co.uk,Marrilee,Bonafacino,2275155428,09/05/2020,11/01/2020,mbonafacino9p,7KfS4Fcs
351,abauser9q@shop-pro.jp,Andreana,Bauser,6644716835,11/14/2020,02/21/2021,abauser9q,CQF4rUZpH
352,gaherne9r@spotify.com,Gustaf,Aherne,4178704322,02/16/2021,12/01/2020,gaherne9r,XGv5DNk4Vg
353,talbin9s@amazon.com,Tamara,Albin,6174108441,05/09/2021,02/27/2021,talbin9s,uChVCd
354,edowse9t@go.com,Effie,Dowse,1969433730,09/07/2020,08/14/2020,edowse9t,7ZVG5xO
355,bmewett9u@amazon.co.uk,Barbaraanne,Mewett,6223092111,02/14/2021,03/02/2021,bmewett9u,c9qSp7jLLQT
356,amanus9v@zimbio.com,Anica,Manus,8756677151,01/25/2021,04/12/2021,amanus9v,CegOMCNlgZI
357,pattow9w@washingtonpost.com,Pierce,Attow,2398423847,06/01/2020,02/09/2021,pattow9w,aDDbPtO
358,mdreghorn9x@zimbio.com,Mona,Dreghorn,3486182722,08/06/2020,05/06/2021,mdreghorn9x,SWkbqnY
359,lpautard9y@ft.com,Leontine,Pautard,1495424762,02/03/2021,03/18/2021,lpautard9y,jWjB5UV4
360,kkocher9z@csmonitor.com,Keith,Kocher,9119332593,11/09/2020,12/02/2020,kkocher9z,6l2AtdUEa1
361,gtacketta0@ask.com,Georgianna,Tackett,7417326574,06/01/2020,10/10/2020,gtacketta0,FsTha8a8
362,gtolhursta1@newyorker.com,Gifford,Tolhurst,3873787138,02/01/2021,12/26/2020,gtolhursta1,KrGZPfg9gk
363,fsidsaffa2@guardian.co.uk,Faydra,Sidsaff,8582593698,08/22/2020,02/14/2021,fsidsaffa2,ep0YqyjK
364,afyalla3@bbc.co.uk,Atlante,Fyall,4029242460,10/29/2020,09/27/2020,afyalla3,zwi8Vu
365,jgirvana4@cnn.com,Josias,Girvan,1064354826,09/07/2020,04/25/2021,jgirvana4,6haWFOQri
366,xmacanultya5@squarespace.com,Xenos,MacAnulty,9511906990,07/17/2020,11/29/2020,xmacanultya5,mY40w1L5nhk
367,yzammetta6@aboutads.info,Yettie,Zammett,7311740732,02/17/2021,05/18/2020,yzammetta6,9238fCsk
368,eiaduccellia7@about.me,Edwin,Iaduccelli,2665326784,12/31/2020,12/19/2020,eiaduccellia7,KDceah
369,ksemirasa8@homestead.com,Kendre,Semiras,6359725975,05/12/2021,12/06/2020,ksemirasa8,OutY84vkyGeB
370,asteelsa9@mozilla.com,Anne,Steels,3035944737,10/17/2020,10/13/2020,asteelsa9,G5mG1SZKM
371,mgullamaa@wikia.com,Melisande,Gullam,3037401247,11/04/2020,05/30/2020,mgullamaa,VHpSOnrb
372,jalderseaab@ebay.com,Joseito,Aldersea,4967999294,05/16/2021,06/27/2020,jalderseaab,0bkY6VS2Bx2
373,bdarlisonac@ibm.com,Bone,Darlison,1676080226,01/08/2021,03/02/2021,bdarlisonac,VCj5iBIaZjf6
374,dbelliad@loc.gov,Doy,Belli,8336214370,05/10/2021,01/05/2021,dbelliad,kFBkzRnx
375,ybrinkworthae@slate.com,Ynes,Brinkworth,8991307866,03/04/2021,11/13/2020,ybrinkworthae,DeLvFxBH6
376,atoderiniaf@huffingtonpost.com,Aretha,Toderini,6263489092,10/22/2020,07/18/2020,atoderiniaf,wA1qKrUJY
377,lessamag@mysql.com,Luke,Essam,5138151701,10/23/2020,04/11/2021,lessamag,wrlo39GaBt4
378,wmccroneah@hibu.com,Wendell,McCrone,7663268716,06/24/2020,04/10/2021,wmccroneah,tebZhQMs
379,ghawkinai@a8.net,Garrick,Hawkin,3877176794,01/17/2021,11/25/2020,ghawkinai,wnjYo9Y7gCGW
380,mrylettaj@photobucket.com,Meredeth,Rylett,3448758467,03/09/2021,04/22/2021,mrylettaj,ibypEELg8hX
381,ghaselwoodak@gmpg.org,Glynnis,Haselwood,6103457687,03/21/2021,11/20/2020,ghaselwoodak,H6Bn2PKC
382,cjennickal@census.gov,Carline,Jennick,4877466267,07/16/2020,05/22/2020,cjennickal,YfJNMuHYJyah
383,pwhitechurcham@vistaprint.com,Paddie,Whitechurch,4598103341,02/12/2021,11/07/2020,pwhitechurcham,vEkKYXGH
384,vgiovannaccian@wiley.com,Vita,Giovannacci,3536921541,12/27/2020,07/30/2020,vgiovannaccian,Jzchu0Q8
385,amiddleditchao@infoseek.co.jp,Aristotle,Middleditch,7167262022,01/11/2021,05/02/2021,amiddleditchao,VF9Gfe
386,ograverap@sitemeter.com,Orelie,Graver,7787267055,03/11/2021,03/25/2021,ograverap,is5ayC
387,cthebeaq@dion.ne.jp,Collen,Thebe,6661560446,09/21/2020,03/20/2021,cthebeaq,vw1Wu95ciN
388,alepperar@so-net.ne.jp,Artemus,Lepper,1331284466,08/31/2020,04/09/2021,alepperar,v4hz1pD
389,drobelas@springer.com,Dianna,Robel,3112156490,02/05/2021,07/10/2020,drobelas,kKlbxp9
390,pritchieat@mtv.com,Paolina,Ritchie,1275780987,06/18/2020,03/26/2021,pritchieat,t1RmeKkwQHAE
391,fjellybrandau@columbia.edu,Flori,Jellybrand,6121540461,05/02/2021,09/27/2020,fjellybrandau,FdrMaEGgNt
392,vgoutav@privacy.gov.au,Valera,Gout,8635831924,01/12/2021,08/11/2020,vgoutav,rKWmBDhU
393,mburreeaw@taobao.com,Maddy,Burree,6075820634,08/26/2020,01/24/2021,mburreeaw,bMNDdmmHWsoC
394,fgaskerax@nhs.uk,Freda,Gasker,4922335452,11/22/2020,11/09/2020,fgaskerax,rnUy84nA
395,egaylorday@yolasite.com,Ethel,Gaylord,9652185564,08/30/2020,04/17/2021,egaylorday,FrWKTa
396,nsandysaz@jimdo.com,Nico,Sandys,7378637660,11/02/2020,01/23/2021,nsandysaz,y5cMa96ru
397,fstanesbyb0@hibu.com,Far,Stanesby,9905391674,03/20/2021,07/08/2020,fstanesbyb0,wBiu6N
398,vkydb1@shareasale.com,Verne,Kyd,4535656122,06/22/2020,03/29/2021,vkydb1,4uXMILPAs
399,ncandelinb2@myspace.com,Neila,Candelin,5881757245,02/25/2021,04/11/2021,ncandelinb2,WIyzrjD
400,tcavilleb3@e-recht24.de,Tessie,Caville,6612645030,11/21/2020,01/19/2021,tcavilleb3,ez9n9HemeR
401,edeakanb4@nba.com,Elenore,Deakan,1161170934,12/23/2020,05/09/2021,edeakanb4,Ydav1RLMQ
402,tuphillb5@sfgate.com,Toinette,Uphill,8157902684,07/20/2020,03/20/2021,tuphillb5,cd1l5Xz1U8G
403,rbarukhb6@wisc.edu,Roman,Barukh,4362029684,01/21/2021,02/19/2021,rbarukhb6,ltuGYeuX
404,broffeb7@umn.edu,Bobbye,Roffe,2967926974,01/19/2021,12/29/2020,broffeb7,ub1j5JBmvl6
405,eibarrab8@themeforest.net,Ebeneser,Ibarra,6543652098,12/20/2020,06/15/2020,eibarrab8,FXiGAfOpds
406,amournianb9@aboutads.info,Annmaria,Mournian,2528408396,01/11/2021,02/26/2021,amournianb9,5mxWCr
407,gkimblinba@scribd.com,Gerik,Kimblin,3032855619,08/09/2020,09/28/2020,gkimblinba,ivpmiKOd
408,mmoodiebb@theguardian.com,Micah,Moodie,8486287810,06/23/2020,06/11/2020,mmoodiebb,hxUxuRmHbv
409,asaffranbc@netvibes.com,Andee,Saffran,9906758807,02/04/2021,03/23/2021,asaffranbc,a3IEmCTwPCdi
410,kbecerilbd@globo.com,Karleen,Beceril,1377045827,11/09/2020,10/06/2020,kbecerilbd,ifTmpGl
411,cloddybe@hugedomains.com,Clevie,Loddy,6609663800,12/27/2020,05/06/2021,cloddybe,RHSZ44
412,gheseybf@yellowbook.com,Gertie,Hesey,8416812058,12/22/2020,12/17/2020,gheseybf,17YXcW
413,sbackmanbg@discovery.com,Stillman,Backman,3899960609,09/06/2020,12/08/2020,sbackmanbg,remmoIoS
414,gbrandinobh@godaddy.com,Germaine,Brandino,4911093660,01/22/2021,09/03/2020,gbrandinobh,Zzyfmf
415,flassellsbi@nbcnews.com,Filippo,Lassells,6851105374,06/13/2020,02/28/2021,flassellsbi,ftzfmm0GKZVC
416,bmarusyakbj@patch.com,Byram,Marusyak,1245816838,08/06/2020,10/01/2020,bmarusyakbj,S8nLgJYIkYzj
417,jdomerqbk@163.com,Jarid,Domerq,1974410865,07/14/2020,08/03/2020,jdomerqbk,DU4UF8Fw
418,bjostanbl@macromedia.com,Brynna,Jostan,3581190408,07/04/2020,04/24/2021,bjostanbl,4LgIWiR
419,tassinderbm@networksolutions.com,Tracy,Assinder,4031957997,06/02/2020,12/13/2020,tassinderbm,2KMJiUxaDDK
420,fmeindlbn@discuz.net,Freedman,Meindl,2441357934,03/20/2021,06/20/2020,fmeindlbn,1srUfrHSCU
421,rtredgetbo@about.com,Rosemary,Tredget,2215558960,02/21/2021,10/22/2020,rtredgetbo,z0s0HIakWe
422,tlightbownebp@gizmodo.com,Tera,Lightbowne,3441235834,04/23/2021,10/29/2020,tlightbownebp,EZWZX39kV59
423,ahannenbq@sohu.com,Aurea,Hannen,1005110698,04/15/2021,03/12/2021,ahannenbq,b5b9RNtPw
424,acoperbr@eventbrite.com,Aguste,Coper,4528882892,02/05/2021,04/02/2021,acoperbr,pMHBV5bYHQS
425,bjobbbs@vkontakte.ru,Berri,Jobb,2129682908,01/05/2021,06/23/2020,bjobbbs,i1pChf
426,cchaslesbt@de.vu,Cyrillus,Chasles,8485140327,04/05/2021,07/17/2020,cchaslesbt,NkulOkROjNv
427,mholdinbu@smugmug.com,Maggie,Holdin,4511979295,02/14/2021,12/23/2020,mholdinbu,YGmJsDmq62x8
428,rhendonsonbv@hibu.com,Riki,Hendonson,9758417940,10/14/2020,10/20/2020,rhendonsonbv,siXUHRRjFv
429,twoollonsbw@webmd.com,Tiena,Woollons,8798329488,08/23/2020,08/13/2020,twoollonsbw,JmmnSi1r
430,bdanihelbx@illinois.edu,Baudoin,Danihel,1174380787,12/03/2020,06/18/2020,bdanihelbx,jwCZhXsV
431,jizkovitzby@bbc.co.uk,Joycelin,Izkovitz,5719380331,06/25/2020,03/26/2021,jizkovitzby,xPKGVJwhRCY
432,wsebirebz@ustream.tv,Webb,Sebire,1227625990,06/30/2020,06/17/2020,wsebirebz,a5imTD
433,cgudyerc0@google.nl,Cherlyn,Gudyer,4292605407,01/29/2021,12/18/2020,cgudyerc0,fzhajEUe0eA
434,rpischoffc1@4shared.com,Rita,Pischoff,7317371839,01/02/2021,10/06/2020,rpischoffc1,1qPkDcNG8Je
435,lelvenc2@cbsnews.com,Lucius,Elven,6641585910,03/24/2021,12/16/2020,lelvenc2,mlT72d6I
436,sliddiattc3@dot.gov,Sherwynd,Liddiatt,1801745677,01/24/2021,01/12/2021,sliddiattc3,NhCvlLh
437,torreyc4@yelp.com,Thom,Orrey,4023048906,07/24/2020,06/27/2020,torreyc4,XwisH11P
438,egantzerc5@plala.or.jp,Enid,Gantzer,6089239956,02/09/2021,12/20/2020,egantzerc5,lvINIZMNqf8
439,eipsleyc6@comsenz.com,Earlie,Ipsley,2862959985,05/10/2021,08/26/2020,eipsleyc6,hRasBUOlZ
440,mchessonc7@wikimedia.org,Miriam,Chesson,5648703483,09/02/2020,05/30/2020,mchessonc7,m7t4sfPxiqH4
441,tratcliffc8@phoca.cz,Tamarah,Ratcliff,2187130517,05/08/2021,02/17/2021,tratcliffc8,A8newBLdvIQN
442,lmcreidyc9@examiner.com,Loreen,McReidy,8151076038,08/18/2020,07/30/2020,lmcreidyc9,l8lwIjvOQD
443,jgledeca@hhs.gov,Joye,Glede,8616425875,11/04/2020,03/04/2021,jgledeca,yeAPPbnuU
444,cdebankecb@myspace.com,Claudius,de Banke,9543624059,08/24/2020,12/02/2020,cdebankecb,G9vOOyLvi
445,nverdeycc@vistaprint.com,Nicola,Verdey,9209413561,11/01/2020,09/08/2020,nverdeycc,x0nKPp6
446,bglitherowcd@live.com,Bertina,Glitherow,9556797159,02/12/2021,11/14/2020,bglitherowcd,GI6Vb8eAw
447,gpimblottece@foxnews.com,Grier,Pimblotte,8506447954,11/22/2020,12/21/2020,gpimblottece,DIczYELWoi
448,edartnellcf@foxnews.com,Eddie,Dartnell,9211813301,09/18/2020,01/03/2021,edartnellcf,Mf7PLC
449,jfenwickcg@smugmug.com,Jinny,Fenwick,1215710334,03/26/2021,05/15/2021,jfenwickcg,FLWFtP
450,dcordesch@mysql.com,Devora,Cordes,2351319912,09/10/2020,05/24/2020,dcordesch,1Cqg5OGCdQ6
451,azealanderci@globo.com,Aldus,Zealander,1347823824,07/17/2020,09/08/2020,azealanderci,EvnZMcFY
452,gvanaccicj@goo.gl,Gorden,Vanacci,4192135928,06/11/2020,08/24/2020,gvanaccicj,NvSlBsn
453,fdallenderck@ovh.net,Florella,Dallender,6049145975,09/07/2020,12/13/2020,fdallenderck,PekLd6YzGQ
454,ubetkecl@princeton.edu,Ursa,Betke,2628093513,04/02/2021,08/13/2020,ubetkecl,0jlDsS62
455,mbeneycm@furl.net,Mallorie,Beney,5793111839,08/16/2020,05/25/2020,mbeneycm,jxTZjyu5r7
456,lchesshirecn@elegantthemes.com,Lanny,Chesshire,9807434561,07/02/2020,01/02/2021,lchesshirecn,leXhmqK1e
457,rbeverageco@mayoclinic.com,Rhea,Beverage,4688008634,06/12/2020,08/14/2020,rbeverageco,02zW8DN
458,ktremathackcp@wikia.com,Karoline,Tremathack,2542299722,05/14/2021,01/16/2021,ktremathackcp,VBqOmj
459,rmaccreacq@mediafire.com,Rozamond,Maccrea,1423910745,02/06/2021,01/12/2021,rmaccreacq,qUeMuBOwZIM
460,jbeiningcr@walmart.com,Jerrylee,Beining,3854902079,12/25/2020,04/11/2021,jbeiningcr,yII6LCxCy
461,gclokecs@cyberchimps.com,Gawen,Cloke,1509470512,07/23/2020,08/26/2020,gclokecs,tHfKAOlul7
462,gmeakct@microsoft.com,Gayelord,Meak,3444732967,06/08/2020,09/03/2020,gmeakct,2yY5CvB4
463,ehatchmancu@yolasite.com,Eldin,Hatchman,3516981409,04/24/2021,03/26/2021,ehatchmancu,dJ1e1TJc9ij7
464,badamowiczcv@paypal.com,Breanne,Adamowicz,8848585423,12/22/2020,01/27/2021,badamowiczcv,TMZnKv
465,rmalkincw@engadget.com,Reggie,Malkin,5724739084,12/15/2020,02/07/2021,rmalkincw,dhQ71DKusJg
466,fivattscx@mail.ru,Frances,Ivatts,4732653448,06/30/2020,02/24/2021,fivattscx,RcX8TXzZh
467,kdearnleycy@goo.gl,Karoline,Dearnley,4357105182,10/20/2020,12/08/2020,kdearnleycy,jYeK7QxNac
468,jcawstoncz@comcast.net,June,Cawston,3153804601,10/28/2020,01/23/2021,jcawstoncz,Vs073kj
469,cshaylerd0@t.co,Camila,Shayler,3636451299,11/14/2020,03/11/2021,cshaylerd0,Vr7CPt0j0Lt
470,ibaudassid1@ning.com,Irita,Baudassi,3839446750,11/27/2020,09/24/2020,ibaudassid1,0FmfhzbNsJ
471,mpantherd2@tmall.com,Mildred,Panther,2292656626,05/30/2020,04/19/2021,mpantherd2,rOSJjm4ESD
472,apeeld3@ed.gov,Adda,Peel,3348524552,08/09/2020,10/07/2020,apeeld3,TQVA3Slt
473,wfrancellod4@chron.com,Wildon,Francello,5736547672,12/26/2020,02/04/2021,wfrancellod4,A9wDaKUYF4u
474,hsweetsurd5@vistaprint.com,Hannah,Sweetsur,4219150578,06/11/2020,12/06/2020,hsweetsurd5,Tz93lK
475,hphilipeauxd6@infoseek.co.jp,Hamilton,Philipeaux,6697603667,12/12/2020,01/08/2021,hphilipeauxd6,rqq0WMO4
476,speyrod7@friendfeed.com,Sonny,Peyro,1768393845,11/28/2020,08/08/2020,speyrod7,u9iUhpbut7i
477,fsharplyd8@dion.ne.jp,Farr,Sharply,7007021246,02/19/2021,04/19/2021,fsharplyd8,NmdyB9CwRJvM
478,dorltond9@mapquest.com,Der,Orlton,3556296402,10/04/2020,08/26/2020,dorltond9,qnGz1CjO
479,dkanterda@disqus.com,Domenico,Kanter,9032321638,05/03/2021,04/13/2021,dkanterda,KUl3ar
480,hadolphinedb@t-online.de,Honey,Adolphine,2419618280,05/02/2021,04/06/2021,hadolphinedb,sjAtcNVqz
481,hwalshedc@wp.com,Heath,Walshe,1973190122,05/13/2021,02/03/2021,hwalshedc,oBKCcOcF
482,jvanedd@ihg.com,Jenna,Vane,2543683575,09/06/2020,03/28/2021,jvanedd,zyeZDIFa8
483,mdrueryde@imgur.com,Megan,Druery,8755891900,12/10/2020,02/23/2021,mdrueryde,i2T4YYZKK2
484,groseamandf@businessweek.com,Ginnie,Roseaman,9927024205,07/02/2020,05/22/2020,groseamandf,qKJ4MXPKnADL
485,svellenderdg@fema.gov,Suellen,Vellender,9147070869,03/22/2021,01/01/2021,svellenderdg,yLF7fvi6Zf
486,bneldh@mit.edu,Ben,Nel,9925734896,07/14/2020,10/10/2020,bneldh,XfOpH2h
487,sschreursdi@facebook.com,Scarface,Schreurs,6541335235,10/06/2020,04/13/2021,sschreursdi,73ODwRRghUC
488,amacadamdj@statcounter.com,Agatha,MacAdam,8113507485,01/09/2021,04/09/2021,amacadamdj,KelEJyX
489,gfutterdk@ustream.tv,Gizela,Futter,5996764088,11/13/2020,07/16/2020,gfutterdk,MEyiZpoR
490,nbiaggettidl@purevolume.com,Nevile,Biaggetti,3463281490,06/06/2020,04/17/2021,nbiaggettidl,NihUek8Sx7PN
491,cburmasterdm@washingtonpost.com,Cthrine,Burmaster,2244517195,04/10/2021,07/05/2020,cburmasterdm,9ISFDSGY
492,ddominecdn@dailymail.co.uk,Donall,Dominec,9844506143,02/02/2021,02/05/2021,ddominecdn,Z8d9cY7bcYmt
493,vdeclerkdo@timesonline.co.uk,Vergil,de Clerk,1486295012,05/19/2020,05/10/2021,vdeclerkdo,ypMdvNyM
494,bmathonnetdp@1und1.de,Benedicta,Mathonnet,2966930090,11/06/2020,12/12/2020,bmathonnetdp,og5clC2hv
495,vbeaudq@joomla.org,Virge,Beau,9414285362,11/07/2020,12/13/2020,vbeaudq,HXvNRGMd
496,kcailedr@illinois.edu,Koo,Caile,4732131247,05/20/2020,01/12/2021,kcailedr,aDlr89
497,lstobartds@spotify.com,Lavena,Stobart,1535314521,06/04/2020,09/07/2020,lstobartds,Z0fWePHbJuly
498,mslaghtdt@storify.com,Myranda,Slaght,7281003135,09/25/2020,03/17/2021,mslaghtdt,N6Ate7XFwzF1
499,rmoffatdu@soundcloud.com,Robina,Moffat,7141672577,05/13/2021,11/29/2020,rmoffatdu,ahMX3a
500,ahawneydv@wikimedia.org,Alisha,Hawney,5519530230,01/13/2021,05/20/2020,ahawneydv,YitYb8PWV0E
501,kstodartdw@craigslist.org,Kira,Stodart,4203659487,11/16/2020,04/11/2021,kstodartdw,G7a03A
502,smcgareldx@prlog.org,Sayers,McGarel,1572209242,03/04/2021,04/21/2021,smcgareldx,2e4LO9
503,jtittady@walmart.com,Jobi,Titta,1695057873,11/01/2020,02/16/2021,jtittady,VjyhkpJiWB
504,aplomdz@unicef.org,Aurelie,Plom,1111153772,12/16/2020,10/12/2020,aplomdz,LPQMbnfMcR
505,welpheye0@google.es,Wynny,Elphey,6329709804,12/07/2020,01/15/2021,welpheye0,xWXPWoc
506,tolivettae1@i2i.jp,Trixy,Olivetta,7493891520,12/11/2020,10/09/2020,tolivettae1,Zb0RdcZgAr
507,hfilkove2@mashable.com,Hastie,Filkov,2381800790,06/15/2020,10/21/2020,hfilkove2,R95XQ89zfCG
508,emacellare3@parallels.com,Ede,Macellar,5458434567,12/17/2020,03/18/2021,emacellare3,2Ou2hwh
509,bbagnale4@timesonline.co.uk,Betta,Bagnal,9016636747,03/06/2021,11/26/2020,bbagnale4,7lTSR1vUG
510,fmcnutte5@state.gov,Felicle,McNutt,1748554691,04/17/2021,09/06/2020,fmcnutte5,jhZ0TWgBxqyL
511,mgrandhame6@discuz.net,Myer,Grandham,9013613161,12/06/2020,04/22/2021,mgrandhame6,9HkCpVa
512,dcastanae7@upenn.edu,Daisi,Castana,4668656089,03/16/2021,12/03/2020,dcastanae7,zXP1dqp
513,hdrewelle8@ezinearticles.com,Helaina,Drewell,8089889740,09/19/2020,07/26/2020,hdrewelle8,c78xTpixK7W5
514,fnapoleonee9@marriott.com,Fara,Napoleone,1927375640,12/22/2020,08/04/2020,fnapoleonee9,iC9qKO
515,asignoreea@reddit.com,Adams,Signore,3413813155,12/05/2020,04/30/2021,asignoreea,VVblWCdTF
516,nbentzeb@artisteer.com,Nolan,Bentz,5345930483,11/27/2020,10/24/2020,nbentzeb,prwK7F0SscF
517,mbelinec@google.co.jp,Maurie,Belin,9968894500,03/13/2021,04/14/2021,mbelinec,vxjZVejb
518,bspendloveed@chronoengine.com,Bennie,Spendlove,9622301013,06/12/2020,01/19/2021,bspendloveed,V88Su4kmPs
519,btieryee@chron.com,Burnaby,Tiery,7087886052,09/20/2020,09/06/2020,btieryee,cqlGJa
520,bbrandief@lycos.com,Berte,Brandi,8338757428,05/08/2021,07/19/2020,bbrandief,iaBdaYmfxt
521,mquaileg@simplemachines.org,Mikol,Quail,8005071696,01/25/2021,10/23/2020,mquaileg,Hfqyw246Y8
522,xpextoneh@spotify.com,Xena,Pexton,7778222107,03/13/2021,05/12/2021,xpextoneh,Wo1pwIDWh
523,rdecazeei@dot.gov,Redford,Decaze,3848832094,04/18/2021,01/14/2021,rdecazeei,YB5zi3
524,tchidzoyej@fda.gov,Theresita,Chidzoy,1747238332,08/23/2020,04/02/2021,tchidzoyej,LmhVjo
525,nkenwellek@senate.gov,Nev,Kenwell,4624049245,09/23/2020,04/06/2021,nkenwellek,MvvaKAt
526,gtolchardeel@webmd.com,Gavin,Tolcharde,4561732405,03/02/2021,08/17/2020,gtolchardeel,tIUfFrtik
527,birceem@dailymotion.com,Banky,Irce,7491219039,07/30/2020,10/05/2020,birceem,iKUcon9l8x
528,kiacobinien@huffingtonpost.com,Kirstyn,Iacobini,3225286869,10/17/2020,05/14/2021,kiacobinien,dMrvVhMcXdVE
529,npoyntoneo@devhub.com,Nanete,Poynton,9576037175,09/08/2020,01/15/2021,npoyntoneo,Tnt8p8fI
530,voldfordep@hostgator.com,Vite,Oldford,4669251303,08/29/2020,03/12/2021,voldfordep,e8WWJHm
531,dboameeq@cmu.edu,Dorita,Boame,7969055570,02/10/2021,04/25/2021,dboameeq,F4rC0McDSVe
532,nklementzer@huffingtonpost.com,Natividad,Klementz,5703453794,01/23/2021,03/25/2021,nklementzer,S7PyqkroMaQ
533,rantonioues@mayoclinic.com,Russ,Antoniou,5251140099,09/24/2020,07/14/2020,rantonioues,ioUlJ4
534,wraithbyet@goo.ne.jp,Westley,Raithby,6333027845,02/14/2021,07/07/2020,wraithbyet,jozPrI
535,bmatcheseu@soundcloud.com,Bertina,Matches,7804866215,11/23/2020,09/16/2020,bmatcheseu,swGFuP
536,awilderev@opensource.org,Analiese,Wilder,4868737816,05/07/2021,12/23/2020,awilderev,eXGxjMH
537,tmeneghiew@aboutads.info,Teddie,Meneghi,5065720083,03/14/2021,11/03/2020,tmeneghiew,RhRTtt078oSX
538,acornelleauex@rambler.ru,Abbie,Cornelleau,8033031016,10/05/2020,02/19/2021,acornelleauex,FyvjO2f4Rm1
539,kkindeey@is.gd,Karlan,Kinde,6123385681,12/01/2020,03/05/2021,kkindeey,8aCfdRn8M
540,jburnsellez@disqus.com,Jacques,Burnsell,8223627979,03/14/2021,03/06/2021,jburnsellez,pYoZHB0yWh
541,mvannikovf0@yellowpages.com,Melvin,Vannikov,1427577658,04/11/2021,08/03/2020,mvannikovf0,Zo4VsgUfjF
542,gdunkinsonf1@bloomberg.com,Gerrie,Dunkinson,4676590575,05/10/2021,10/06/2020,gdunkinsonf1,R9r8Jc
543,dszymczykf2@squidoo.com,Donica,Szymczyk,6388861752,10/29/2020,10/02/2020,dszymczykf2,95KVoqP9
544,aadnamf3@surveymonkey.com,Ashien,Adnam,5345321841,09/12/2020,07/17/2020,aadnamf3,LtItQmm
545,fmcvanamyf4@discuz.net,Ferdinanda,McVanamy,6055724997,06/14/2020,08/09/2020,fmcvanamyf4,aWddSx
546,olungf5@oakley.com,Odetta,Lung,6074917639,04/06/2021,06/19/2020,olungf5,wpmk0lKJ
547,apotierf6@bandcamp.com,Armstrong,Potier,3052271863,06/11/2020,04/27/2021,apotierf6,4z7ENA6l
548,thellewellf7@wufoo.com,Teena,Hellewell,8611340810,06/05/2020,11/15/2020,thellewellf7,cpzX3m
549,ekroinf8@dropbox.com,Elyn,Kroin,6313036284,10/22/2020,01/10/2021,ekroinf8,8opVuPao
550,acheaterf9@vinaora.com,Abigael,Cheater,7236866450,08/18/2020,02/12/2021,acheaterf9,RFesU254ex6
551,ksimefa@imdb.com,Kip,Sime,1542064114,08/21/2020,03/27/2021,ksimefa,AuHbrS
552,jrobjohnsfb@marketwatch.com,Jobyna,Robjohns,5343577114,06/26/2020,06/27/2020,jrobjohnsfb,9hfyTjwXmjG
553,vsatcherfc@sogou.com,Verine,Satcher,7897092385,07/12/2020,05/17/2021,vsatcherfc,M67BV2W6F7
554,jmoultonfd@hao123.com,Jose,Moulton,7916473907,12/22/2020,02/21/2021,jmoultonfd,TWU0sx
555,aphaupfe@php.net,Adele,Phaup,4587035060,04/05/2021,08/29/2020,aphaupfe,od1kqac
556,idowtyff@wunderground.com,Iseabal,Dowty,5656830640,08/14/2020,03/05/2021,idowtyff,916aeW57R
557,fsorriefg@sbwire.com,Faustine,Sorrie,2889898461,07/29/2020,03/10/2021,fsorriefg,60NllFi77RS
558,mboncorefh@globo.com,Mignonne,Boncore,1837024871,01/08/2021,09/22/2020,mboncorefh,WdAxKW
559,msmallcombfi@flavors.me,Mikol,Smallcomb,8085269433,11/24/2020,06/25/2020,msmallcombfi,wndqq7
560,seixenbergerfj@virginia.edu,Selestina,Eixenberger,7468628668,01/09/2021,06/05/2020,seixenbergerfj,0MRouLoeX
561,rroastfk@engadget.com,Raffaello,Roast,3247715975,12/24/2020,02/27/2021,rroastfk,XLgcLR1hv
562,nfippefl@yellowpages.com,Nettle,Fippe,7812217820,04/15/2021,06/25/2020,nfippefl,LZPG69ZephIK
563,wmckevittfm@digg.com,Willdon,McKevitt,1778601819,05/09/2021,01/26/2021,wmckevittfm,fkmFXg8RHDV4
564,lmarfellfn@berkeley.edu,Lacy,Marfell,4039154784,05/03/2021,05/26/2020,lmarfellfn,H3Oi6t5poDXG
565,tsurphlissfo@examiner.com,Tally,Surphliss,7491846478,06/30/2020,09/14/2020,tsurphlissfo,EfS58plvpR9D
566,gcosensfp@wunderground.com,Gustavus,Cosens,1963376608,08/04/2020,11/11/2020,gcosensfp,TCwNq1Hj8
567,lhazeltinefq@zdnet.com,Lita,Hazeltine,5228821859,08/13/2020,08/03/2020,lhazeltinefq,4WYGHCb8Ur
568,nbarneveldfr@gmpg.org,Nady,Barneveld,4764112697,08/11/2020,12/17/2020,nbarneveldfr,dP4LtJlIw71
569,rmatkovicfs@tripod.com,Reinhard,Matkovic,4274304199,10/24/2020,11/09/2020,rmatkovicfs,ZtXfUXQxdp2n
570,ncloverft@printfriendly.com,Nanine,Clover,2007055833,05/04/2021,12/15/2020,ncloverft,vYMD7J
571,etrittamfu@xing.com,Ermentrude,Trittam,5714745707,06/29/2020,12/15/2020,etrittamfu,k7NgFsdo1
572,tpesslerfv@issuu.com,Taryn,Pessler,2662412664,10/06/2020,02/04/2021,tpesslerfv,iWVld4z
573,wmccreefw@irs.gov,Westbrook,McCree,7116314524,05/01/2021,08/16/2020,wmccreefw,4cDcsWhvX
574,ecastardfx@zimbio.com,Elbertina,Castard,7221546279,12/21/2020,05/27/2020,ecastardfx,7CvRSD
575,athaimfy@kickstarter.com,Arlana,Thaim,7274182882,12/12/2020,02/28/2021,athaimfy,kH7aYJ7qSAfU
576,bmcgeorgefz@imgur.com,Berry,McGeorge,9417626863,12/28/2020,05/27/2020,bmcgeorgefz,RrPieeXAEFxy
577,glevickg0@symantec.com,Gweneth,Levick,1602092446,05/19/2020,09/14/2020,glevickg0,uQTmIlQ6qmQZ
578,pchithamg1@webs.com,Pembroke,Chitham,7939843803,03/01/2021,01/21/2021,pchithamg1,nkp8htwtJjb9
579,sfaireg2@icq.com,Sayers,Faire,9657019540,05/31/2020,03/27/2021,sfaireg2,OG8dhwnvg
580,hayerstg3@unesco.org,Hercules,Ayerst,2408875794,04/16/2021,12/23/2020,hayerstg3,EkNflBhE
581,rdillicateg4@exblog.jp,Randie,Dillicate,3058067863,03/22/2021,10/21/2020,rdillicateg4,rrCkCZrt7
582,afreeborng5@patch.com,Agosto,Freeborn,6332887018,10/31/2020,05/17/2021,afreeborng5,06SrxoI
583,ashulemg6@disqus.com,Amitie,Shulem,4022288812,05/25/2020,02/15/2021,ashulemg6,xiKrW3ZMR
584,sgebbyg7@yolasite.com,Sybyl,Gebby,1965517076,08/12/2020,06/11/2020,sgebbyg7,xqQoQx6sOB
585,shayseldeng8@washingtonpost.com,Sidonnie,Hayselden,2522789702,02/19/2021,04/05/2021,shayseldeng8,62iyuC4fyQ
586,ejenneryg9@reddit.com,Ede,Jennery,7087825114,11/19/2020,03/26/2021,ejenneryg9,JcM5lp2
587,bmccuffiega@people.com.cn,Boycey,McCuffie,5743157430,01/01/2021,07/15/2020,bmccuffiega,fkTDy4J
588,bjosovichgb@360.cn,Bud,Josovich,9103999030,10/17/2020,11/22/2020,bjosovichgb,aPA1I9
589,nkentgc@ebay.co.uk,Nina,Kent,6965748050,07/19/2020,11/06/2020,nkentgc,Kdqpu9ekcw
590,omanaghgd@engadget.com,Orton,Managh,5641760893,06/14/2020,03/20/2021,omanaghgd,jnpl5Gh
591,jlujange@vinaora.com,Jerrylee,Lujan,9949020732,01/11/2021,02/08/2021,jlujange,CbwYgTE9OkBz
592,ghavvockgf@flavors.me,Georgie,Havvock,2874890310,01/27/2021,01/12/2021,ghavvockgf,2l5es25m5b
593,lmarslandgg@imageshack.us,Letisha,Marsland,4631505558,02/10/2021,03/22/2021,lmarslandgg,0KjVdGzo
594,obohlgh@linkedin.com,Osbourn,Bohl,5008906403,10/27/2020,03/30/2021,obohlgh,CBaByjZ
595,bbrannogi@about.me,Boot,Branno,2814344952,08/04/2020,10/15/2020,bbrannogi,IeT7hI
596,bcrouchgj@a8.net,Balduin,Crouch,3921575303,05/09/2021,02/01/2021,bcrouchgj,K0ZBNR2ndV2
597,mcanterogk@cam.ac.uk,Misha,Cantero,7115889672,08/16/2020,08/01/2020,mcanterogk,FzBTcxjew
598,asergantgl@devhub.com,Ambros,Sergant,3163138573,02/15/2021,04/09/2021,asergantgl,hDaAz0biwD
599,dsnoxellgm@patch.com,Dorey,Snoxell,1231664828,01/15/2021,08/25/2020,dsnoxellgm,or5wclnGZ
600,bjantongn@e-recht24.de,Burke,Janton,7227270925,10/23/2020,08/22/2020,bjantongn,W2VoE0Y
601,bfineygo@ning.com,Brittan,Finey,5134300426,01/15/2021,11/03/2020,bfineygo,2wEQuygXLH
602,jleistgp@berkeley.edu,Julius,Leist,6948098026,07/21/2020,05/10/2021,jleistgp,PanQ0Y6R4T04
603,tschrirengq@ocn.ne.jp,Tracie,Schriren,7695134486,05/08/2021,10/08/2020,tschrirengq,4gk5CK
604,mskacelgr@live.com,Morganica,Skacel,6507607139,07/10/2020,12/16/2020,mskacelgr,2ZNqeEp45nN
605,vknoxgs@moonfruit.com,Verney,Knox,3084407428,02/17/2021,02/20/2021,vknoxgs,haSqq2w
606,tnurcombegt@tmall.com,Theo,Nurcombe,3279886225,03/27/2021,03/16/2021,tnurcombegt,qJBgOEw2
607,gmallengu@printfriendly.com,Gladys,Mallen,6335464215,07/28/2020,12/21/2020,gmallengu,ETqdwkQ
608,pderillgv@aol.com,Patrizia,Derill,5024429250,11/23/2020,10/24/2020,pderillgv,rwQ8PCUwfx2
609,tclawgw@state.gov,Tybi,Claw,3439069319,06/02/2020,01/24/2021,tclawgw,EHI37CfD
610,agrethamgx@purevolume.com,Andrus,Gretham,2077093892,04/20/2021,10/16/2020,agrethamgx,QYokJQcEX0
611,lwilliamgy@livejournal.com,Lorrin,William,7229649575,05/04/2021,02/14/2021,lwilliamgy,kOICa6Z504l
612,emartinagz@mysql.com,Esme,Martina,9916085456,10/21/2020,12/12/2020,emartinagz,VSLTmBm3j
613,uludvigsenh0@nature.com,Ursulina,Ludvigsen,6918361752,08/25/2020,06/09/2020,uludvigsenh0,IGBdsu
614,akoselh1@ft.com,Annadiana,Kosel,6342623166,10/10/2020,01/19/2021,akoselh1,MgQVg8R
615,cioselevichh2@apple.com,Carlota,Ioselevich,2677235517,12/07/2020,11/22/2020,cioselevichh2,7Ad6OOg
616,nallotth3@state.gov,Natalina,Allott,2585298215,10/29/2020,10/16/2020,nallotth3,nDJg8ey1
617,rcronh4@pbs.org,Roz,Cron,5956473233,12/16/2020,06/12/2020,rcronh4,I93e8SrzekCJ
618,syearsleyh5@joomla.org,Silvano,Yearsley,6688869538,10/12/2020,09/08/2020,syearsleyh5,8XHEAu
619,ereddyhoffh6@linkedin.com,Emmi,Reddyhoff,8199465966,07/02/2020,08/01/2020,ereddyhoffh6,H6lESRzlD41
620,hrosinih7@about.com,Halsy,Rosini,2634209110,10/14/2020,12/24/2020,hrosinih7,xh9FRWM
621,gbuttrissh8@unesco.org,Geno,Buttriss,8959298543,11/06/2020,12/15/2020,gbuttrissh8,09fMx8vC
622,rpatriah9@telegraph.co.uk,Rowney,Patria,7816348558,12/12/2020,04/05/2021,rpatriah9,rjwuwriR
623,rdahlbergha@fastcompany.com,Rafaellle,Dahlberg,8343081585,03/22/2021,06/11/2020,rdahlbergha,wb2wDum7kbJ
624,jluppitthb@walmart.com,Jessee,Luppitt,7926996792,03/12/2021,04/08/2021,jluppitthb,iJb1DxdVMx
625,jsideshc@cyberchimps.com,Jobina,Sides,5276263481,02/08/2021,10/24/2020,jsideshc,BDRFwS
626,riacopohd@about.com,Romonda,Iacopo,3223231960,09/17/2020,03/30/2021,riacopohd,Xd1k0P
627,jharrollhe@yahoo.com,Jareb,Harroll,5939368363,05/03/2021,12/02/2020,jharrollhe,72E8qySvWOb
628,cfitzsymonhf@walmart.com,Chen,Fitzsymon,8475919923,12/12/2020,10/26/2020,cfitzsymonhf,jrJe4xY0f
629,tstokerhg@wisc.edu,Tabitha,Stoker,7038651661,10/24/2020,10/17/2020,tstokerhg,MLW8feVWqr9
630,dnittohh@ca.gov,Dyanne,Nitto,7065329023,04/29/2021,09/26/2020,dnittohh,hHjukQsGipzo
631,gbeakehi@earthlink.net,Gan,Beake,3451464120,04/13/2021,09/18/2020,gbeakehi,XSjSLLC
632,ohounsomehj@clickbank.net,Orsola,Hounsome,4485926193,07/10/2020,12/19/2020,ohounsomehj,mU27zEqmUN7
633,ktenneyhk@apple.com,Klarika,Tenney,2357434388,06/25/2020,08/22/2020,ktenneyhk,u5PoM7
634,vcallenhl@ow.ly,Verile,Callen,8248413972,06/24/2020,10/25/2020,vcallenhl,c0xoAFKSm4
635,ecopestickhm@businesswire.com,Eudora,Copestick,8909678302,04/13/2021,03/22/2021,ecopestickhm,eE34xg2O6J
636,bgregorehn@ocn.ne.jp,Brent,Gregore,2846178547,03/09/2021,01/03/2021,bgregorehn,Ozq9J6M2a
637,efawthorpeho@nbcnews.com,Ermanno,Fawthorpe,2056906572,05/09/2021,09/03/2020,efawthorpeho,rHZQOi
638,ijeenshp@usda.gov,Isacco,Jeens,4335628374,11/27/2020,05/22/2020,ijeenshp,zSC5r5wg
639,bbonnefinhq@taobao.com,Barbey,Bonnefin,7835342920,05/05/2021,10/05/2020,bbonnefinhq,ZrrVp4ZRBu
640,mbantinghr@fotki.com,Murry,Banting,2953291953,05/29/2020,07/03/2020,mbantinghr,MyF5zvJRuzf
641,rcustardhs@tripod.com,Rockwell,Custard,3556887637,07/04/2020,05/06/2021,rcustardhs,WaUAeKyxx
642,bcussinsht@gmpg.org,Blinni,Cussins,2236639392,06/03/2020,11/07/2020,bcussinsht,5SwaerCO
643,sallikerhu@istockphoto.com,Simeon,Alliker,6458339203,12/08/2020,11/10/2020,sallikerhu,gkSwkXv5VMpN
644,serreyhv@addthis.com,Stewart,Errey,7046966608,05/11/2021,06/26/2020,serreyhv,ay4YOpkj
645,sroskrughw@techcrunch.com,Sallie,Roskrug,1268279794,10/04/2020,11/01/2020,sroskrughw,qyY20JUkF
646,tevahx@auda.org.au,Temple,Eva,9402350933,03/26/2021,09/21/2020,tevahx,VXJSA2o9PK
647,ekelwickhy@jimdo.com,Emmott,Kelwick,7536618266,01/11/2021,10/21/2020,ekelwickhy,HlBWxE0S5oi
648,vpenahz@theguardian.com,Vonnie,Pena,3823007804,01/10/2021,10/02/2020,vpenahz,7tBiJXeN
649,snonoi0@newyorker.com,Selene,Nono,7088770209,07/28/2020,01/10/2021,snonoi0,OK180yl9rxtX
650,rboicki1@bloglovin.com,Row,Boick,1923330593,05/26/2020,01/02/2021,rboicki1,TDmO44avv
651,tskiplornei2@dot.gov,Timotheus,Skiplorne,3516868413,08/08/2020,09/01/2020,tskiplornei2,cg8ImQ54
652,tcordsi3@imgur.com,Tanya,Cords,6709772941,05/22/2020,06/29/2020,tcordsi3,4s0AW1tox
653,bcoghlani4@free.fr,Brander,Coghlan,7869452451,11/25/2020,04/30/2021,bcoghlani4,PWOoHhUD
654,kgildeai5@tripod.com,Kerrill,Gildea,9618153937,10/05/2020,10/17/2020,kgildeai5,ErLdmZeKC81
655,tdumbralli6@rediff.com,Tuckie,Dumbrall,2844495059,01/22/2021,04/13/2021,tdumbralli6,z9bxW90IjlQ
656,bwaisoni7@ask.com,Bram,Waison,6584594685,06/13/2020,02/23/2021,bwaisoni7,It4YwzeAl
657,smcgeaneyi8@over-blog.com,Sydney,McGeaney,7928093959,10/02/2020,12/08/2020,smcgeaneyi8,kiimpsH62E
658,tosherrini9@prlog.org,Teresina,O'Sherrin,6753289030,05/26/2020,02/21/2021,tosherrini9,WUAaMChyxr
659,kroslenia@geocities.com,Killie,Roslen,6928291329,11/13/2020,08/19/2020,kroslenia,4fmOWF
660,riacovazziib@omniture.com,Rica,Iacovazzi,3979048722,12/18/2020,08/31/2020,riacovazziib,ZmlCYGzc
661,lbuncombeic@ebay.co.uk,Ludwig,Buncombe,3066319386,02/14/2021,10/02/2020,lbuncombeic,BdR230EeuNmg
662,lmatzaitisid@squarespace.com,Lutero,Matzaitis,8431811377,10/13/2020,07/18/2020,lmatzaitisid,iKJPnmKD
663,blawryie@spotify.com,Beilul,Lawry,9527811995,07/05/2020,02/04/2021,blawryie,uMCOiVvSR
664,pmacroif@prlog.org,Peder,Macro,9503306833,10/09/2020,12/06/2020,pmacroif,prXlgMIxQZzH
665,rmchanig@elegantthemes.com,Ronald,McHan,5672579120,08/31/2020,08/28/2020,rmchanig,K8ORsJh
666,jjankovskyih@shop-pro.jp,Jamesy,Jankovsky,5817218714,05/02/2021,06/05/2020,jjankovskyih,0jfEgIixo
667,rvanichevii@ifeng.com,Rosamond,Vanichev,4177766622,12/28/2020,03/06/2021,rvanichevii,knkPVn4dfYd
668,mlambillionij@cnn.com,Mitzi,Lambillion,4524814971,10/05/2020,12/20/2020,mlambillionij,8IxXxZNLTL
669,zhanbidgeik@themeforest.net,Zacharias,Hanbidge,4886975282,01/30/2021,11/14/2020,zhanbidgeik,Lshohd
670,wcraneyil@acquirethisname.com,Warner,Craney,5873658913,09/16/2020,05/22/2020,wcraneyil,zLrTX38k0z
671,hjephcottim@tinyurl.com,Herbie,Jephcott,1973678475,10/07/2020,07/18/2020,hjephcottim,zugfrn4NO
672,jbowerbankin@comsenz.com,Jennee,Bowerbank,7108035639,05/01/2021,12/18/2020,jbowerbankin,rvFOD7FO
673,gwithinshawio@netvibes.com,Giordano,Withinshaw,2646478658,10/29/2020,08/05/2020,gwithinshawio,PwGLbFDF8o
674,swhightip@columbia.edu,Sibylla,Whight,5692973369,12/30/2020,07/10/2020,swhightip,fWY7mLYlkkfP
675,cwaddieiq@harvard.edu,Calli,Waddie,7275381525,06/13/2020,11/03/2020,cwaddieiq,pYHkqEY7E
676,skhristoforovir@xing.com,Spense,Khristoforov,2447168452,01/11/2021,08/31/2020,skhristoforovir,ESoCc6Cqr
677,rskaseis@loc.gov,Rachelle,Skase,4861763555,01/21/2021,01/09/2021,rskaseis,IUPMJwYr
678,nnormabellit@sogou.com,Natty,Normabell,7162214677,09/23/2020,06/03/2020,nnormabellit,PGhUSSianNJ
679,lwinhamiu@odnoklassniki.ru,Liana,Winham,6748788647,02/23/2021,04/17/2021,lwinhamiu,m23KaBn
680,gsparrowiv@aboutads.info,Garland,Sparrow,6317940139,04/18/2021,07/05/2020,gsparrowiv,9WKJp2ybnWmc
681,sfelderiw@buzzfeed.com,Svend,Felder,7472629145,05/14/2021,01/07/2021,sfelderiw,R9lnQbN
682,bdulakeix@microsoft.com,Bellina,Dulake,2917548237,01/04/2021,09/16/2020,bdulakeix,IEqBElyGo
683,sveltmaniy@gov.uk,Sauveur,Veltman,9412141819,07/03/2020,09/18/2020,sveltmaniy,GiC8d1
684,rdeortegaiz@dot.gov,Ruperta,De Ortega,9851515575,02/01/2021,06/23/2020,rdeortegaiz,auZRGTPc
685,spolej0@chicagotribune.com,Sabina,Pole,2552592948,04/20/2021,05/30/2020,spolej0,UkzoEH
686,smacaindreisj1@miibeian.gov.cn,Suzann,MacAindreis,9413270519,09/30/2020,03/15/2021,smacaindreisj1,GbCXgTMgq
687,jtroughtonj2@edublogs.org,Jay,Troughton,4562941114,11/09/2020,05/09/2021,jtroughtonj2,NfpICcs
688,nreadheadj3@state.gov,Nada,Readhead,9898505197,04/21/2021,05/24/2020,nreadheadj3,k3XAnXq4G
689,hgjerdej4@reddit.com,Halsy,Gjerde,8086045981,07/06/2020,03/23/2021,hgjerdej4,00FBkcTvH
690,tfeaveerj5@go.com,Tucker,Feaveer,7227965523,07/28/2020,02/28/2021,tfeaveerj5,r0XTrR
691,lianillij6@nydailynews.com,Lucho,Ianilli,3652125920,08/31/2020,09/15/2020,lianillij6,cnvGuLDNTXBo
692,oemanuelij7@youku.com,Olivette,Emanueli,4158155255,09/29/2020,12/13/2020,oemanuelij7,c8ZYHiKNHgAj
693,ssmullinj8@myspace.com,Sherilyn,Smullin,6197603044,09/04/2020,01/29/2021,ssmullinj8,8FMSxQ5KLrO
694,kbyngj9@geocities.jp,Karalynn,Byng,9086222729,01/08/2021,03/17/2021,kbyngj9,8HMNUuGT7hcX
695,gewingsja@freewebs.com,Gregory,Ewings,4715474905,12/15/2020,07/18/2020,gewingsja,cOSnWjP
696,tnewvilljb@trellian.com,Tanya,Newvill,5126356677,11/20/2020,03/14/2021,tnewvilljb,7jXyrHu
697,abauldryjc@so-net.ne.jp,Amory,Bauldry,4587336472,12/27/2020,12/02/2020,abauldryjc,oDIogeCGrIlU
698,zknowlesjd@tripod.com,Zea,Knowles,5997435944,04/27/2021,09/16/2020,zknowlesjd,XBDY6j85
699,kpeakerje@usda.gov,Krystle,Peaker,6885276425,06/10/2020,12/11/2020,kpeakerje,LNpTL7E
700,hatheisjf@buzzfeed.com,Heidi,Atheis,4765732388,03/15/2021,08/05/2020,hatheisjf,QVeEVYhfPDmx
701,dmelonbyjg@purevolume.com,Davida,Melonby,2095103343,02/19/2021,09/09/2020,dmelonbyjg,XpNLkFqG
702,kmanzelljh@liveinternet.ru,Kerianne,Manzell,9528225329,05/31/2020,10/04/2020,kmanzelljh,UHOQlNdOf
703,gheersmaji@imdb.com,Gilemette,Heersma,9546097350,03/06/2021,08/13/2020,gheersmaji,Ic59De
704,mlinnockjj@mac.com,Malcolm,Linnock,2694398258,03/14/2021,02/16/2021,mlinnockjj,eQM7E2pCu
705,rhamsherjk@yandex.ru,Rhetta,Hamsher,9974137001,01/04/2021,05/11/2021,rhamsherjk,mulhFPFzmKUi
706,llowtenjl@prnewswire.com,Lawton,Lowten,5406509113,02/07/2021,06/12/2020,llowtenjl,JcqTI906mx
707,cloydjm@wordpress.org,Calhoun,Loyd,7252534381,11/13/2020,02/08/2021,cloydjm,uD1ZPk5p6Wo8
708,omiddenjn@blogtalkradio.com,Oneida,Midden,7135424586,10/02/2020,08/06/2020,omiddenjn,d6e33j2Xq2RP
709,fmclesejo@newyorker.com,Filmer,McLese,1034030577,10/05/2020,08/01/2020,fmclesejo,r1ssZI
710,jcornickjp@upenn.edu,Jamesy,Cornick,4069014414,07/15/2020,06/07/2020,jcornickjp,QjGCkfN
711,zgummjq@com.com,Zorina,Gumm,9011491170,10/01/2020,01/22/2021,zgummjq,OhyhJCNP
712,sgillanjr@paypal.com,Sharona,Gillan,7148660106,11/13/2020,09/09/2020,sgillanjr,p3F4GH
713,mshottonjs@hubpages.com,Mercy,Shotton,4283810715,10/13/2020,10/28/2020,mshottonjs,ecjs2CYQt
714,cstuehmeierjt@newyorker.com,Cathie,Stuehmeier,1341030082,10/28/2020,11/01/2020,cstuehmeierjt,U820qlqUwWF
715,jsyerju@reference.com,Jewell,Syer,6448138068,05/17/2021,07/30/2020,jsyerju,DSvrQUC
716,fseacroftjv@shareasale.com,Freddi,Seacroft,5733755585,06/17/2020,04/13/2021,fseacroftjv,kGbWHAV7w2l
717,dilsleyjw@harvard.edu,Dalston,Ilsley,3659494550,08/07/2020,07/11/2020,dilsleyjw,fGeOiPke
718,lstebbinsjx@eepurl.com,Luelle,Stebbins,4743916822,05/09/2021,07/28/2020,lstebbinsjx,Q3sGJe0l1
719,crobetjy@vimeo.com,Clevie,Robet,6652097975,04/13/2021,10/07/2020,crobetjy,Wgwe1C
720,rfairclothjz@creativecommons.org,Rollin,Faircloth,1178540818,10/16/2020,08/04/2020,rfairclothjz,rtBOgSb9H
721,bgymblettk0@harvard.edu,Bekki,Gymblett,1904310053,04/09/2021,04/15/2021,bgymblettk0,paWSRN
722,cwudelandk1@nyu.edu,Charmain,Wudeland,9741636335,11/02/2020,02/13/2021,cwudelandk1,MRbU9M
723,kfrancinok2@arizona.edu,Kristy,Francino,5461431895,08/27/2020,12/01/2020,kfrancinok2,zPYUPj
724,dhantonk3@fda.gov,Dora,Hanton,4584526791,11/10/2020,07/07/2020,dhantonk3,mHsLWMAqL
725,mcucksonk4@nymag.com,Malissia,Cuckson,2671224883,04/28/2021,10/24/2020,mcucksonk4,h18dsp
726,wiacomik5@yellowbook.com,Web,Iacomi,9496927317,12/24/2020,08/30/2020,wiacomik5,SCdTyU
727,mradouxk6@cpanel.net,Mac,Radoux,2815412969,06/12/2020,08/23/2020,mradouxk6,JaoYla
728,hmartink7@etsy.com,Hyacinthia,Martin,1518105552,01/29/2021,09/16/2020,hmartink7,JDiGn6
729,oarrighik8@eepurl.com,Odie,Arrighi,4845814690,10/01/2020,09/07/2020,oarrighik8,HVX3aKPMwAi1
730,hschmidtk9@princeton.edu,Hollyanne,Schmidt,8832899088,04/04/2021,10/16/2020,hschmidtk9,Anr44wSgRA
731,wpetroniska@vistaprint.com,Woody,Petronis,4564958032,05/12/2021,10/07/2020,wpetroniska,1TLSs33pZ
732,cstonerkb@goo.ne.jp,Conroy,Stoner,4907473791,09/28/2020,09/21/2020,cstonerkb,QkMI26B0i
733,jodesonkc@youtube.com,Jammie,Odeson,9277746689,01/09/2021,08/19/2020,jodesonkc,6TyBq5liGKu
734,ptrillokd@nymag.com,Porter,Trillo,6313288075,12/10/2020,03/31/2021,ptrillokd,3YnQvmlY
735,fkilleleake@sciencedaily.com,Fae,Killelea,7078229200,04/27/2021,09/16/2020,fkilleleake,AX9vYu
736,rmaccarlichkf@cbslocal.com,Reagan,MacCarlich,3833984370,06/04/2020,11/23/2020,rmaccarlichkf,bIGWvbNrAz
737,mbartakkg@cloudflare.com,Marrilee,Bartak,2384695683,03/29/2021,08/28/2020,mbartakkg,yK5XvX
738,mlorrawaykh@amazon.co.uk,Mari,Lorraway,9197601096,04/21/2021,01/17/2021,mlorrawaykh,FsW5U6QERE
739,mkobelki@latimes.com,Minnie,Kobel,5683861816,02/27/2021,05/02/2021,mkobelki,MisX8w8u5c
740,bgoodchildkj@dot.gov,Boniface,Goodchild,6358109765,11/10/2020,11/30/2020,bgoodchildkj,nbsHTzuqv6K5
741,aburchnallkk@usda.gov,Algernon,Burchnall,7361324068,08/30/2020,04/03/2021,aburchnallkk,WrxDF7r
742,cbarnwellkl@redcross.org,Chic,Barnwell,2828452348,11/04/2020,04/21/2021,cbarnwellkl,XaZO5TA
743,kgypsonkm@hugedomains.com,Kory,Gypson,4953033196,02/12/2021,09/18/2020,kgypsonkm,MdZxHe
744,zbrockkn@ucla.edu,Zolly,Brock,6683394787,11/12/2020,06/09/2020,zbrockkn,9nRyFeGr
745,uwhyberdko@is.gd,Ulla,Whyberd,8881024156,06/26/2020,08/10/2020,uwhyberdko,FO5rpkyprU
746,lgrellierkp@baidu.com,Levon,Grellier,4111387134,01/25/2021,12/06/2020,lgrellierkp,PDPj1X
747,bprandikq@chron.com,Benjamin,Prandi,3295549216,01/19/2021,04/16/2021,bprandikq,Ous3g571q
748,bdudneykr@odnoklassniki.ru,Byran,Dudney,3575994144,08/24/2020,01/10/2021,bdudneykr,kXr1Mln
749,jcosbeeks@bravesites.com,Joeann,Cosbee,4065081421,02/18/2021,11/30/2020,jcosbeeks,JtgTR6eZ7
750,sbellkt@eventbrite.com,Shelton,Bell,4294567674,08/21/2020,03/27/2021,sbellkt,0hwSE6xdZ
751,agreenoughku@list-manage.com,Anabal,Greenough,1741714583,01/01/2021,11/05/2020,agreenoughku,DhiNuCeXt
752,mgastickekv@vk.com,Morena,Gasticke,7566992764,12/24/2020,03/28/2021,mgastickekv,OvQtVx
753,kdutteridgekw@google.com.br,Krissy,Dutteridge,2444837130,02/24/2021,06/06/2020,kdutteridgekw,FISLwXOIdQxD
754,afurlongekx@craigslist.org,Arleen,Furlonge,6927005595,01/05/2021,05/25/2020,afurlongekx,IXRmdrdu
755,ihugonneauky@bbc.co.uk,Ike,Hugonneau,2276583295,04/18/2021,11/05/2020,ihugonneauky,iXudXxm
756,moshaughnessykz@businessweek.com,Mile,O'Shaughnessy,1294343947,08/09/2020,02/13/2021,moshaughnessykz,vxHlla
757,dshanahanl0@state.gov,Delbert,Shanahan,7915251128,11/29/2020,08/20/2020,dshanahanl0,7kNEuTQFJV
758,pskitrall1@smh.com.au,Pet,Skitral,1466041280,02/21/2021,11/02/2020,pskitrall1,CaOZsLmjfLD3
759,jellicottl2@nba.com,Joseito,Ellicott,4896327363,01/17/2021,09/28/2020,jellicottl2,vy84GHVCU5V
760,mbolwelll3@discuz.net,Maggy,Bolwell,9466738832,07/12/2020,09/28/2020,mbolwelll3,Fo7y3exW
761,baccombl4@sfgate.com,Blondelle,Accomb,2482117237,10/03/2020,09/30/2020,baccombl4,mpoqqC
762,cmcfalll5@theguardian.com,Cammy,McFall,8179101778,08/01/2020,09/30/2020,cmcfalll5,2wkXzI6b
763,hiacomol6@geocities.com,Hinze,Iacomo,3355692670,09/12/2020,12/02/2020,hiacomol6,TM4BWARoh1
764,amcgrayl7@quantcast.com,Agnella,McGray,5358574372,01/27/2021,01/27/2021,amcgrayl7,dAacA4
765,kjoycel8@slashdot.org,Klemens,Joyce,8928254118,04/03/2021,03/02/2021,kjoycel8,MUZ4qC
766,mlymerl9@netvibes.com,Martie,Lymer,6429959307,03/09/2021,05/29/2020,mlymerl9,3GKypLHzh4j
767,cbroggettila@hugedomains.com,Corrianne,Broggetti,9673663105,01/05/2021,01/13/2021,cbroggettila,eYtpZgqFvaJq
768,mdurtnellb@latimes.com,Merola,Durtnel,9359371641,04/24/2021,08/17/2020,mdurtnellb,oNAnYf
769,smonshalllc@sfgate.com,Sansone,Monshall,9272533182,03/17/2021,10/24/2020,smonshalllc,6BTvkfCY
770,cgounyld@delicious.com,Chaim,Gouny,4168829347,12/12/2020,12/24/2020,cgounyld,s8tIlcUm
771,snicolle@china.com.cn,Shir,Nicol,7424774112,05/18/2020,09/12/2020,snicolle,ZDq6XtlV
772,ccosbeylf@yolasite.com,Cherey,Cosbey,9301496921,11/10/2020,08/09/2020,ccosbeylf,1i9Ig7
773,jflooklg@last.fm,Jasmin,Flook,6643189311,09/05/2020,10/08/2020,jflooklg,BkIiGw
774,lhurranlh@prweb.com,Letta,Hurran,1728405053,09/09/2020,07/24/2020,lhurranlh,Vl91Wi4p5z7S
775,mvandenhoffli@google.com.br,Martguerita,Vandenhoff,6891452182,05/03/2021,12/21/2020,mvandenhoffli,b4edm3KeJV6
776,zweedenlj@weibo.com,Zolly,Weeden,7331766135,01/17/2021,10/14/2020,zweedenlj,cOFwlE9
777,cminorslk@webnode.com,Cherin,Minors,3665202076,02/12/2021,08/27/2020,cminorslk,LmiE8Js2
778,nmorgenll@newsvine.com,Niko,Morgen,9057831575,01/06/2021,06/14/2020,nmorgenll,3FUnQJNfI3
779,ksymingtonlm@hibu.com,Karol,Symington,7389836973,02/09/2021,03/04/2021,ksymingtonlm,rjlPtxpl5RB
780,ephareln@nasa.gov,Edan,Phare,7379315104,07/08/2020,03/18/2021,ephareln,BtftuZ03
781,ryeatmanlo@livejournal.com,Randell,Yeatman,6772158124,11/21/2020,05/08/2021,ryeatmanlo,i5CyGcqS
782,ktimperleylp@bigcartel.com,Kale,Timperley,3683617464,01/03/2021,12/06/2020,ktimperleylp,MGQOibawcwDh
783,clumsdalelq@irs.gov,Chrotoem,Lumsdale,8795531086,06/22/2020,08/04/2020,clumsdalelq,p7ZfopXGzc
784,tguidinilr@sciencedirect.com,Torre,Guidini,1111465654,07/09/2020,05/24/2020,tguidinilr,S7gzMlMjPG
785,rbovairdls@arizona.edu,Rosalinda,Bovaird,8957103206,12/03/2020,05/31/2020,rbovairdls,wIEfH6wgN64
786,lsudlowlt@pinterest.com,Lawton,Sudlow,5498096774,05/18/2020,01/30/2021,lsudlowlt,Jj4m0m7bqG
787,hmarshallecklu@a8.net,Herc,Marshalleck,4766815186,09/23/2020,10/19/2020,hmarshallecklu,kITgnqRF
788,fkleinhautlv@prweb.com,Faina,Kleinhaut,5136435370,07/11/2020,02/24/2021,fkleinhautlv,bw9Ap2SymS
789,tairdrielw@webeden.co.uk,Timmy,Airdrie,7546473524,01/04/2021,05/01/2021,tairdrielw,AOVkzs
790,mmealandlx@ebay.co.uk,Marcille,Mealand,1021494790,08/19/2020,08/02/2020,mmealandlx,MpmZq3
791,gbuscherly@jigsy.com,Goddard,Buscher,8285174030,10/31/2020,10/18/2020,gbuscherly,Ub7f9EO
792,ggurrylz@prnewswire.com,Georgiana,Gurry,5189422582,07/30/2020,08/01/2020,ggurrylz,4yY3k0C
793,mpattingsonm0@homestead.com,Miles,Pattingson,9891616038,06/14/2020,07/30/2020,mpattingsonm0,jVWmsa
794,dcammockem1@sphinn.com,Delilah,Cammocke,7983008316,01/29/2021,05/25/2020,dcammockem1,ELqtxndbrAt2
795,derangeym2@mozilla.com,Dunstan,Erangey,5089372987,07/14/2020,04/27/2021,derangeym2,pLSFA8VjS
796,mgrainem3@virginia.edu,Micaela,Graine,4477985404,05/08/2021,05/08/2021,mgrainem3,LGpSe0a6T2
797,atwidalem4@amazon.co.jp,Angelica,Twidale,1473148030,02/21/2021,10/18/2020,atwidalem4,emYdi6
798,aaccombem5@networkadvertising.org,Adair,Accombe,3642223722,09/29/2020,08/30/2020,aaccombem5,JlTQl0W
799,kledekkerm6@google.pl,Karna,Ledekker,6684630400,08/29/2020,06/30/2020,kledekkerm6,EfL1kID8za
800,mfakeleym7@addtoany.com,Mari,Fakeley,4355857719,10/12/2020,11/13/2020,mfakeleym7,fEOv2I4lDXC
801,ewiltshierm8@biglobe.ne.jp,Ebenezer,Wiltshier,8823051410,07/15/2020,11/13/2020,ewiltshierm8,sXzlPtEI
802,sgallierm9@1688.com,Sidonia,Gallier,9154931913,01/03/2021,12/08/2020,sgallierm9,zTkY0lFjk9DN
803,psobieskima@canalblog.com,Peirce,Sobieski,2501831958,10/09/2020,01/23/2021,psobieskima,52qVwiEpcg1M
804,mbrawnmb@berkeley.edu,Marijo,Brawn,7345225368,04/24/2021,12/06/2020,mbrawnmb,zJE91SBvaG
805,rjenouremc@berkeley.edu,Rem,Jenoure,4304188807,01/03/2021,10/27/2020,rjenouremc,h0GMdl26vjv2
806,bpitkethlymd@wikipedia.org,Barbra,Pitkethly,1464893358,03/01/2021,09/13/2020,bpitkethlymd,MOqCte0Yt
807,rferreirame@surveymonkey.com,Roxie,Ferreira,4401891573,02/09/2021,06/28/2020,rferreirame,QJx1nELveuR5
808,bgiggiemf@wp.com,Bernete,Giggie,5445543998,10/30/2020,09/28/2020,bgiggiemf,gCFI2A9qWnp
809,cbadcockmg@mapquest.com,Chadwick,Badcock,1051796405,06/27/2020,10/30/2020,cbadcockmg,WXp7NU
810,mguiduccimh@sciencedirect.com,Martina,Guiducci,4229598839,01/08/2021,08/25/2020,mguiduccimh,BpJZ1Ge5wxJz
811,htimmonsmi@army.mil,Humberto,Timmons,2818214731,06/05/2020,08/07/2020,htimmonsmi,tGqx8PsvK
812,tbaldickmj@upenn.edu,Tomaso,Baldick,6699602750,01/22/2021,04/08/2021,tbaldickmj,17AgXWZdnY
813,rbrodiemk@elpais.com,Rees,Brodie,9016527101,05/24/2020,03/05/2021,rbrodiemk,Atx8xS8AE
814,srissonml@umn.edu,Shirlee,Risson,6274555746,08/04/2020,05/18/2020,srissonml,mDubgxDb
815,wasliemm@plala.or.jp,Wilone,Aslie,3152468697,05/22/2020,09/04/2020,wasliemm,8XEA0a4i9ua
816,isabbatiermn@microsoft.com,Ileane,Sabbatier,9509693527,11/29/2020,05/10/2021,isabbatiermn,zsiB7Dzu
817,btuftsmo@scientificamerican.com,Barbette,Tufts,5093558480,12/15/2020,07/28/2020,btuftsmo,RPZYUkH
818,dblanninmp@europa.eu,Dania,Blannin,3259049569,05/02/2021,10/29/2020,dblanninmp,IiNTudsb69dC
819,kmaplemq@wp.com,Koralle,Maple,9878381262,06/10/2020,11/26/2020,kmaplemq,q6rNKbKwV
820,bmacilhaggamr@opensource.org,Britni,MacIlhagga,3184053072,09/21/2020,04/03/2021,bmacilhaggamr,j2cTjwY9XFOi
821,jpottems@stumbleupon.com,Jule,Potte,4181175329,06/20/2020,02/04/2021,jpottems,E6nI4tvLDT
822,cmairsmt@wordpress.org,Cassius,Mairs,5915023621,10/02/2020,09/26/2020,cmairsmt,klX1DM
823,mcluittmu@hexun.com,Marc,Cluitt,5359857091,09/27/2020,09/15/2020,mcluittmu,WBuFVCnq
824,awhildmv@symantec.com,Avie,Whild,9301081955,12/15/2020,08/03/2020,awhildmv,cfSndH
825,jmellingsmw@flickr.com,Judd,Mellings,1508601918,11/24/2020,12/28/2020,jmellingsmw,lbmhqL1auqrX
826,cfrankenmx@t-online.de,Celestia,Franken,2851606100,11/09/2020,12/17/2020,cfrankenmx,CCWYQsELAI
827,wassirattimy@dion.ne.jp,Winne,Assiratti,3822285802,11/23/2020,09/24/2020,wassirattimy,LCzGJlqmDC5z
828,bstirtonmz@wikia.com,Biron,Stirton,8643582160,04/12/2021,01/15/2021,bstirtonmz,6IlG5OV2
829,vgaryn0@gov.uk,Vincenty,Gary,1097779062,07/15/2020,10/04/2020,vgaryn0,ECoitW
830,mmckeeversn1@home.pl,Manuel,McKeevers,6734301049,05/11/2021,12/04/2020,mmckeeversn1,BK4tTbDHEd
831,skleinpeltzn2@comsenz.com,Silvanus,Kleinpeltz,2884528562,05/21/2020,07/12/2020,skleinpeltzn2,ABSZwslJovES
832,dburttn3@accuweather.com,Dallis,Burtt,1209611401,02/23/2021,11/17/2020,dburttn3,PhneEObM
833,ctwiddelln4@washington.edu,Clive,Twiddell,4334859296,10/01/2020,03/09/2021,ctwiddelln4,sm3sI0
834,cembran5@marketwatch.com,Cory,Embra,5242346867,10/10/2020,05/31/2020,cembran5,uCgcEqq
835,btrebyn6@meetup.com,Bernette,Treby,4534787545,10/07/2020,08/02/2020,btrebyn6,IMpEz9cXtm1A
836,mswinleyn7@chicagotribune.com,Maddy,Swinley,5518674245,03/07/2021,01/26/2021,mswinleyn7,iUZ4HW
837,scunradon8@csmonitor.com,Sonja,Cunrado,1466597507,09/23/2020,05/09/2021,scunradon8,T4otaGD
838,amacmychemn9@cam.ac.uk,Alice,MacMychem,2587746963,01/23/2021,01/16/2021,amacmychemn9,FP05ikE8K8
839,tshildrickna@cnn.com,Ty,Shildrick,7485317292,09/12/2020,03/12/2021,tshildrickna,NKovnf
840,msawartnb@amazonaws.com,Marietta,Sawart,8944644683,02/06/2021,05/06/2021,msawartnb,Idl81s00WD
841,tedensnc@bloglines.com,Tandi,Edens,9994924431,09/13/2020,07/03/2020,tedensnc,5414nWNoFuO
842,mchidwicknd@tripod.com,Modesta,Chidwick,5126044124,02/20/2021,09/18/2020,mchidwicknd,BvT25DD1enb
843,ppablone@dailymail.co.uk,Phillida,Pablo,9536553431,06/23/2020,03/26/2021,ppablone,rvTJQF
844,rboysenf@homestead.com,Richy,Boyse,7918357685,12/12/2020,10/07/2020,rboysenf,O1uzhnU
845,bfossettng@wordpress.com,Boony,Fossett,8598181862,01/27/2021,02/16/2021,bfossettng,N1s6dVwOYk
846,srenzullonh@simplemachines.org,Sallyanne,Renzullo,6535422275,03/06/2021,06/16/2020,srenzullonh,kEowWpxvfKvD
847,ipaulazzini@skype.com,Inesita,Paulazzi,9414597064,12/28/2020,10/07/2020,ipaulazzini,j0gphsIxMF
848,gposernj@freewebs.com,Glendon,Poser,4542184716,12/12/2020,11/19/2020,gposernj,OPPNf1eIcs
849,hbalshawnk@nymag.com,Hallsy,Balshaw,9753957326,08/14/2020,08/08/2020,hbalshawnk,TMAzFR5OI9KJ
850,lstoutenl@sciencedirect.com,Loren,Stoute,6799651892,04/20/2021,12/26/2020,lstoutenl,7ne5oFIrml7
851,dlombnm@cisco.com,Dominic,Lomb,4409867621,05/10/2021,10/20/2020,dlombnm,L1hy3jOOoPL
852,fdedomenicisnn@blog.com,Flor,De Domenicis,7626401645,01/27/2021,06/09/2020,fdedomenicisnn,eJs9b2H
853,dbolensno@wunderground.com,Dimitri,Bolens,7192948085,06/23/2020,05/21/2020,dbolensno,LW6xTQrjEa
854,njuliffnp@seesaa.net,Noe,Juliff,7039449064,04/27/2021,02/15/2021,njuliffnp,BIMyXwx
855,taronovnq@blogger.com,Trefor,Aronov,2621815903,06/23/2020,09/08/2020,taronovnq,1yHO2NBluz
856,uwoofendellnr@nsw.gov.au,Ulrike,Woofendell,1815448858,08/15/2020,02/19/2021,uwoofendellnr,xqEVwvDe
857,sgleyns@alibaba.com,Samson,Gley,7467853879,08/18/2020,06/02/2020,sgleyns,LR17hV9HYt
858,pjankovskynt@nationalgeographic.com,Paulita,Jankovsky,6331539103,03/16/2021,08/18/2020,pjankovskynt,1yMDomFPbZs
859,rhurnenu@ifeng.com,Reina,Hurne,2427175431,09/18/2020,11/27/2020,rhurnenu,8O6AikpIuw
860,sromeronv@nbcnews.com,Skell,Romero,9474252668,11/12/2020,10/26/2020,sromeronv,73QWk805cDm
861,ppriestleynw@wunderground.com,Patsy,Priestley,3952149703,09/25/2020,03/18/2021,ppriestleynw,7xyNrl
862,hadkinsnx@google.es,Hillier,Adkins,1898508150,07/01/2020,10/01/2020,hadkinsnx,pKfSrNdpPB
863,tveljesny@intel.com,Tris,Veljes,6639569964,11/12/2020,08/10/2020,tveljesny,5wxch5
864,kmoughtinnz@shutterfly.com,Kaylil,Moughtin,1448141587,06/30/2020,09/13/2020,kmoughtinnz,JiCRtk0tEkm
865,ksutehallo0@ft.com,Kincaid,Sutehall,5403428789,03/12/2021,02/18/2021,ksutehallo0,PL4bBA
866,ebaldinottio1@amazon.co.uk,Eunice,Baldinotti,4337061029,06/06/2020,01/16/2021,ebaldinottio1,x5STxv
867,ccharlotteo2@twitter.com,Colman,Charlotte,2447905812,03/31/2021,01/06/2021,ccharlotteo2,U9ywqQLNs
868,hnassyo3@mit.edu,Hermon,Nassy,1614702358,12/28/2020,03/02/2021,hnassyo3,rRGGHF
869,lsheeringo4@twitter.com,Lindie,Sheering,4888960199,02/10/2021,07/04/2020,lsheeringo4,8YvKKSh
870,ascamadineo5@domainmarket.com,Ariella,Scamadine,7946030352,09/02/2020,07/04/2020,ascamadineo5,sjL3mj
871,mwatsonbrowno6@free.fr,Manuel,Watson-Brown,2496846315,05/17/2021,07/31/2020,mwatsonbrowno6,VL3xqakVbU9
872,bcrossbyo7@cmu.edu,Brandise,Crossby,8854951942,01/18/2021,04/22/2021,bcrossbyo7,ek3eVP
873,rantoineto8@europa.eu,Ricki,Antoinet,4929699308,03/14/2021,01/23/2021,rantoineto8,GNpXOzhgGi
874,gmingardo9@behance.net,Gypsy,Mingard,2711086500,04/02/2021,02/17/2021,gmingardo9,BH4S1trRsac
875,lfullerdoa@cmu.edu,Lian,Fullerd,3882173893,07/10/2020,10/13/2020,lfullerdoa,NF8CHvgAH4
876,lmayteob@sphinn.com,Lukas,Mayte,1946665197,01/24/2021,01/09/2021,lmayteob,66dRvR
877,ldonsonoc@timesonline.co.uk,Letty,Donson,2898770356,10/10/2020,11/07/2020,ldonsonoc,DLUpiJlOZ7
878,scorneliusod@ow.ly,Sayres,Cornelius,9905170200,05/09/2021,08/09/2020,scorneliusod,uovliRa4p
879,abaynesoe@amazonaws.com,Annabal,Baynes,1322846297,02/23/2021,02/20/2021,abaynesoe,H2bUCLC
880,abowlesworthof@wikispaces.com,Anastassia,Bowlesworth,8203179690,09/11/2020,11/03/2020,abowlesworthof,cu5xB29
881,krainbowog@4shared.com,Keene,Rainbow,7357127454,01/09/2021,01/05/2021,krainbowog,y1m7jXjqrig
882,lkenealyoh@sohu.com,Lancelot,Kenealy,4958114226,05/28/2020,11/15/2020,lkenealyoh,YLype4orHP
883,trankineoi@wufoo.com,Theodosia,Rankine,1525435797,05/09/2021,07/31/2020,trankineoi,zeLJk0
884,fdomineyoj@pbs.org,Ferdinande,Dominey,9341992865,07/23/2020,10/17/2020,fdomineyoj,1AM14ZcNh
885,nvalentelliok@msu.edu,Norris,Valentelli,7603671189,01/31/2021,05/04/2021,nvalentelliok,Yxlj8FDBt
886,nfealyol@arstechnica.com,Nelson,Fealy,5204573652,03/21/2021,04/06/2021,nfealyol,eRMjJeLzp
887,cbatstoneom@ocn.ne.jp,Carma,Batstone,5776964345,11/05/2020,05/01/2021,cbatstoneom,NKAyZwO
888,cprieston@godaddy.com,Constantine,Priest,7704737695,10/18/2020,05/29/2020,cprieston,xBgq9C
889,dbaseoo@hp.com,Dyna,Base,1939943934,05/08/2021,10/24/2020,dbaseoo,mM063JTl
890,cmccullockop@skyrock.com,Caresa,McCullock,8717317582,09/15/2020,04/07/2021,cmccullockop,sOvS7Q
891,mfolderoq@hao123.com,Marji,Folder,1129465825,03/16/2021,12/17/2020,mfolderoq,E45iEKm0i6
892,ktripettor@stanford.edu,Karly,Tripett,3189468163,06/17/2020,11/07/2020,ktripettor,xwAyIv
893,ialejandrios@bloomberg.com,Ilka,Alejandri,3025702069,03/13/2021,01/04/2021,ialejandrios,kMrsOLduCi
894,lpryerot@rambler.ru,Lorrie,Pryer,5775371985,07/13/2020,05/04/2021,lpryerot,YsgVTO
895,nmcalindonou@google.pl,Nydia,McAlindon,3548173009,12/12/2020,01/24/2021,nmcalindonou,mTIfOyJ
896,jhawlerov@zimbio.com,Jarrett,Hawler,1369015770,09/09/2020,09/26/2020,jhawlerov,adI3UJ6F
897,bwindousow@sakura.ne.jp,Burnaby,Windous,3572677981,06/04/2020,12/30/2020,bwindousow,IFeFydIQYML
898,cperchardox@apache.org,Carma,Perchard,1577981359,12/03/2020,02/02/2021,cperchardox,vgRH1ayZm
899,tbrechoy@exblog.jp,Thaine,Brech,5465589550,03/19/2021,10/21/2020,tbrechoy,2d6cXZZEu4sj
900,mhadnyoz@disqus.com,Marshal,Hadny,3203472038,06/09/2020,10/16/2020,mhadnyoz,RyHFyWUaV
901,bmartinyukp0@skype.com,Bess,Martinyuk,7866524432,11/04/2020,01/04/2021,bmartinyukp0,yx6dyDO2N
902,ngivensp1@mit.edu,Nola,Givens,3812736860,05/21/2020,03/24/2021,ngivensp1,oVCJQG5x
903,tswindenp2@illinois.edu,Thelma,Swinden,7508558387,01/16/2021,12/03/2020,tswindenp2,ZltdC7dMIrNr
904,wtreverp3@google.co.uk,Winn,Trever,7638337921,09/21/2020,04/14/2021,wtreverp3,NFfwELH
905,cfantonep4@plala.or.jp,Coleman,Fantone,8021468880,10/15/2020,04/26/2021,cfantonep4,MVJwCkb
906,lmccarlyp5@delicious.com,Luisa,McCarly,4684912412,05/27/2020,04/10/2021,lmccarlyp5,DbyhfHST
907,hlealep6@is.gd,Hillard,Leale,8958655900,04/20/2021,04/30/2021,hlealep6,KLfPtohg5NnU
908,bincep7@cyberchimps.com,Brenna,Ince,1941327219,01/07/2021,04/20/2021,bincep7,VKVWhH0b
909,koughtonp8@linkedin.com,Kennett,Oughton,2258624941,11/02/2020,08/05/2020,koughtonp8,IAtPcB
910,ncortesep9@wikimedia.org,Nancy,Cortese,7285314895,02/23/2021,01/13/2021,ncortesep9,Pg8Xup
911,vmcalinepa@timesonline.co.uk,Vernice,McAline,1316829076,09/20/2020,12/23/2020,vmcalinepa,FCBTBy
912,jfolanpb@army.mil,Joline,Folan,1737415745,01/23/2021,05/24/2020,jfolanpb,InikGAfOLDpp
913,ktoplisspc@privacy.gov.au,Kiley,Topliss,6451043253,05/17/2021,10/24/2020,ktoplisspc,PIpEjL
914,nminorpd@unesco.org,Nissa,Minor,6139330177,10/26/2020,08/28/2020,nminorpd,doX1je
915,skidstonpe@gmpg.org,Seumas,Kidston,3276709659,11/10/2020,10/06/2020,skidstonpe,tTX7wPc0Xx
916,bbeldampf@answers.com,Bessie,Beldam,1639148804,07/22/2020,08/12/2020,bbeldampf,kB4u2Wma
917,mbastiepg@cdbaby.com,Morie,Bastie,5325977341,09/03/2020,08/01/2020,mbastiepg,5m1X2m2jvolB
918,jjersonph@yelp.com,Jasun,Jerson,2942349101,11/23/2020,03/28/2021,jjersonph,PhPcZCippe
919,bcapronpi@nbcnews.com,Babara,Capron,5166881998,07/02/2020,05/08/2021,bcapronpi,OL6Hl3lgm0u
920,tdunniompj@jugem.jp,Trude,Dunniom,5684644218,08/16/2020,11/19/2020,tdunniompj,MfBf3FQH
921,ftuckettpk@marriott.com,Frasier,Tuckett,5646351159,11/02/2020,07/05/2020,ftuckettpk,B1SQofgKsBW
922,bjennawaypl@nbcnews.com,Brigitta,Jennaway,9081723836,04/23/2021,03/16/2021,bjennawaypl,FrztOXXsBfn
923,cburfieldpm@webmd.com,Chaim,Burfield,9752448216,11/18/2020,01/22/2021,cburfieldpm,EV2zPr
924,nadamovpn@gnu.org,Natalie,Adamov,1578361955,02/22/2021,01/19/2021,nadamovpn,NVG7QPu
925,apulhampo@list-manage.com,Aindrea,Pulham,2174074713,03/29/2021,03/04/2021,apulhampo,ylTZ2n5dh
926,jpavispp@mayoclinic.com,Jemmie,Pavis,8529032938,09/26/2020,10/22/2020,jpavispp,Gixg3w8T
927,sbeldingpq@apple.com,Stinky,Belding,3228936618,01/10/2021,05/13/2021,sbeldingpq,o4O2JZE
928,bbevenpr@washingtonpost.com,Bernardo,Beven,6946425004,04/30/2021,09/23/2020,bbevenpr,5SFc2tixy8
929,amoriganps@sitemeter.com,Alvis,Morigan,5687342041,07/04/2020,10/03/2020,amoriganps,tiakJO1
930,jdennesspt@timesonline.co.uk,Jere,Denness,3273476771,03/31/2021,03/23/2021,jdennesspt,Z9FlVZ
931,kegrepu@goodreads.com,Katrine,Egre,7605820482,04/29/2021,01/31/2021,kegrepu,XGSXMqWHJZvk
932,nacomepv@apple.com,Nicolina,Acome,9153551315,06/02/2020,03/03/2021,nacomepv,Cpwuznz
933,wcuredellpw@craigslist.org,Winslow,Curedell,7898011735,05/04/2021,11/10/2020,wcuredellpw,3q8Exn4OLP8
934,dallberrypx@google.pl,Danyette,Allberry,7004785566,09/28/2020,08/26/2020,dallberrypx,xsgTxeM
935,kraspelpy@ted.com,Kaiser,Raspel,5956033796,09/19/2020,10/22/2020,kraspelpy,Yx8iSr7L
936,snorthfieldpz@pinterest.com,Susy,Northfield,6247122795,01/15/2021,12/07/2020,snorthfieldpz,EJ9y91xAB29
937,tmacfadyenq0@tmall.com,Tamara,MacFadyen,4026878488,02/19/2021,07/04/2020,tmacfadyenq0,rUIWeR8
938,gandricq1@ucoz.ru,Gael,Andric,7876574701,03/21/2021,11/20/2020,gandricq1,cTrRm54MnKK
939,mlutenq2@ft.com,Maighdiln,Luten,6352365294,12/03/2020,11/09/2020,mlutenq2,3y1te4aNVc
940,sioselevq3@issuu.com,Sadella,Ioselev,6056083461,03/24/2021,02/01/2021,sioselevq3,iuUzvgO8yyeV
941,daxellq4@dion.ne.jp,Doloritas,Axell,2401197482,02/27/2021,08/31/2020,daxellq4,9BdMeoEv
942,zbugbeeq5@wp.com,Zack,Bugbee,6832039134,01/18/2021,08/15/2020,zbugbeeq5,OSSu21qbp
943,beslandq6@squarespace.com,Betteann,Esland,6527459552,11/01/2020,12/21/2020,beslandq6,J1ALn6h
944,ahaibelq7@sciencedaily.com,Aguie,Haibel,4883988498,04/11/2021,05/02/2021,ahaibelq7,MaA3Ag6r5
945,bhucquartq8@google.com,Borden,Hucquart,6481677002,10/07/2020,01/31/2021,bhucquartq8,iSOF9uSz0
946,cmundeeq9@smh.com.au,Constantina,Mundee,1194814028,03/05/2021,11/17/2020,cmundeeq9,YeSjzeA
947,ekettleqa@shinystat.com,Eddy,Kettle,5713346108,11/06/2020,06/23/2020,ekettleqa,qbqX6FHvBCMR
948,gcrannageqb@slideshare.net,Gaelan,Crannage,4763090314,10/19/2020,11/12/2020,gcrannageqb,ITn8xoH9VJ
949,hstillyqc@simplemachines.org,Harman,Stilly,8088360429,09/04/2020,12/18/2020,hstillyqc,uyLb0sP
950,lkaplanqd@gmpg.org,Lois,Kaplan,8994699444,03/05/2021,04/28/2021,lkaplanqd,ftXvI1WaooCR
951,bdewerkqe@sciencedirect.com,Boycie,de Werk,4366105184,12/16/2020,10/31/2020,bdewerkqe,M6aA877y7E9
952,afeakeqf@networksolutions.com,Annice,Feake,8086849722,09/26/2020,12/15/2020,afeakeqf,627Q0ECo
953,chuffqg@cam.ac.uk,Caitlin,Huff,6795192881,03/05/2021,11/25/2020,chuffqg,457xLY
954,jadamskiqh@liveinternet.ru,Julissa,Adamski,2695773407,09/14/2020,02/22/2021,jadamskiqh,YZg9gatMY
955,fledwidgeqi@sbwire.com,Florette,Ledwidge,9789810184,03/30/2021,05/01/2021,fledwidgeqi,pa8HyyMjWbS
956,nsatterthwaiteqj@google.co.uk,Nicolina,Satterthwaite,8927087040,01/13/2021,07/23/2020,nsatterthwaiteqj,kkEIZaHJ7j
957,trobertiqk@imageshack.us,Thorny,Roberti,7359722173,07/23/2020,01/13/2021,trobertiqk,Ya1EEMzW4Iy
958,lklimkowskiql@behance.net,Lonnard,Klimkowski,2987451024,01/23/2021,07/04/2020,lklimkowskiql,7qPcsHHiey
959,tgeraschqm@vk.com,Thor,Gerasch,3129282924,06/20/2020,10/12/2020,tgeraschqm,7Ul7Q3ie
960,jschorahqn@columbia.edu,Jacinda,Schorah,8802507336,06/24/2020,04/29/2021,jschorahqn,0EiDEHVlyO
961,dduesburyqo@ustream.tv,Darlene,Duesbury,5472928020,12/07/2020,02/24/2021,dduesburyqo,eDXYnQ
962,ggoodlipqp@dedecms.com,Germaine,Goodlip,8468594076,12/10/2020,05/08/2021,ggoodlipqp,2DIXW4s3U
963,noldfieldcherryqq@psu.edu,Nealon,Oldfield-Cherry,5884870989,03/22/2021,04/26/2021,noldfieldcherryqq,H2Xbiw4LA
964,mgrigoliqr@friendfeed.com,Merrick,Grigoli,2259080425,01/11/2021,11/09/2020,mgrigoliqr,kgTxI0ZSsd
965,tgauntlettqs@elegantthemes.com,Taffy,Gauntlett,6009063902,07/02/2020,03/19/2021,tgauntlettqs,Bh7n4sNpN6VX
966,bstrotherqt@loc.gov,Bidget,Strother,6152021161,09/15/2020,05/12/2021,bstrotherqt,UPDVu6gs3X
967,kbremleyqu@mac.com,Konstance,Bremley,9582082938,09/26/2020,10/16/2020,kbremleyqu,7Cbr66qr8
968,fcoilsqv@quantcast.com,Florrie,Coils,3168627229,02/13/2021,04/10/2021,fcoilsqv,bNQnAU9RmrO
969,cbrightwellqw@mapquest.com,Claudina,Brightwell,3569454727,04/06/2021,03/06/2021,cbrightwellqw,gYs3wfh07cxW
970,dwitzqx@hhs.gov,Dionysus,Witz,7401598989,11/04/2020,09/18/2020,dwitzqx,EvxxcxDms1P
971,nselwoodqy@shutterfly.com,Noam,Selwood,1304921949,04/18/2021,05/04/2021,nselwoodqy,ZpwuDkFc8
972,apeltzerqz@cdc.gov,Alvis,Peltzer,1187540410,12/17/2020,11/22/2020,apeltzerqz,D1MHTLuf3ZhG
973,jmacquarrier0@bandcamp.com,Juan,MacQuarrie,1813596123,08/13/2020,08/05/2020,jmacquarrier0,k6Vbn3
974,odufaurr1@theguardian.com,Obadias,Dufaur,2263890546,02/04/2021,10/09/2020,odufaurr1,Fwx2Y82rr
975,dgrottyr2@themeforest.net,Deedee,Grotty,7034218207,05/05/2021,01/02/2021,dgrottyr2,94zGvl97z2F
976,mrossantr3@delicious.com,Maddie,Rossant,9996334900,02/12/2021,04/25/2021,mrossantr3,EKdDa5g9u
977,mciannir4@theguardian.com,Mirabel,Cianni,8653407406,05/16/2021,05/28/2020,mciannir4,mtqrHBqbOo
978,emarriottr5@chronoengine.com,Eleen,Marriott,5039166821,11/30/2020,07/31/2020,emarriottr5,sflxXGHjQz
979,tfeathersbyr6@oaic.gov.au,Trenton,Feathersby,3804197502,01/02/2021,10/04/2020,tfeathersbyr6,lMzORIo7
980,cjantetr7@eventbrite.com,Chester,Jantet,2733707561,02/24/2021,01/30/2021,cjantetr7,FoYYvX
981,ashuttler8@rambler.ru,Aurora,Shuttle,6549200878,07/13/2020,02/07/2021,ashuttler8,zh8oCUZM5xhM
982,akeyr9@tinyurl.com,Annmaria,Key,1284532854,04/17/2021,07/23/2020,akeyr9,4lHRDnrxu4pA
983,boxleyra@hatena.ne.jp,Billye,Oxley,6308824826,12/11/2020,05/22/2020,boxleyra,YTdzmZQgH
984,tvickarrb@disqus.com,Tait,Vickar,7084842945,06/14/2020,09/01/2020,tvickarrb,mfpE8GqUI5
985,hnorrierc@t.co,Hall,Norrie,8746328872,10/05/2020,12/18/2020,hnorrierc,yPBTbd
986,lredishrd@unc.edu,Louisa,Redish,5114302533,07/31/2020,06/09/2020,lredishrd,GAQnz7
987,mgilliattre@cnet.com,Marylynne,Gilliatt,5221197463,09/10/2020,07/06/2020,mgilliattre,zYezDlHR7yF
988,mbollardrf@live.com,Mackenzie,Bollard,8217450371,04/22/2021,10/03/2020,mbollardrf,JX5zMrz9
989,lmasorg@blogspot.com,Lindi,Maso,7795709729,06/30/2020,12/27/2020,lmasorg,9I9vCURz
990,cklimukrh@slideshare.net,Camila,Klimuk,7646075687,11/11/2020,03/09/2021,cklimukrh,12UTSRCnH
991,bmoraisri@apple.com,Beverlie,Morais,7789732424,06/01/2020,02/14/2021,bmoraisri,EjiaE00
992,nlovittrj@java.com,Noell,Lovitt,2576694571,09/19/2020,10/17/2020,nlovittrj,eNUo4Slw
993,eharfootrk@studiopress.com,Elliot,Harfoot,8016841621,07/04/2020,11/25/2020,eharfootrk,EBxLeXfV
994,gsydneyrl@scientificamerican.com,Gianni,Sydney,6323612603,08/26/2020,08/25/2020,gsydneyrl,Y9RxzlsO
995,mcoughtreyrm@joomla.org,Meir,Coughtrey,6186843308,07/30/2020,07/23/2020,mcoughtreyrm,nWEqs7F
996,rhatliffrn@sfgate.com,Regina,Hatliff,9253084601,05/18/2020,06/21/2020,rhatliffrn,dW955Md6Dh7
997,ablakeleyro@instagram.com,Aurthur,Blakeley,4594719045,08/25/2020,02/01/2021,ablakeleyro,eVJAJ7b
998,tvoulsrp@istockphoto.com,Talia,Vouls,5927720907,01/03/2021,01/20/2021,tvoulsrp,bgP5XOxG3wJr
999,lattfieldrq@wired.com,Letty,Attfield,2121945510,09/02/2020,10/13/2020,lattfieldrq,QG2zCwac
1000,cklimekrr@zdnet.com,Chrissie,Klimek,8278918691,03/10/2021,06/24/2020,cklimekrr,aqoOfLNkd8K
